dish_id,H_pairwise,BT_strength
aa_na_tigela,6.2661,0.0803
aachener_printen,5.7688,-0.132
abernethy_biscuit,5.4803,-0.2553
abura_soba,6.0291,-0.0209
acbadem_kurabiyesi,6.2661,0.0803
achu,5.58,-0.2127
ackee_saltfish,6.6086,0.2266
ada,6.1105,0.0139
adobo,5.1722,-0.3868
afghan,5.9452,-0.0567
agar,5.4803,-0.2553
agedashi_dfu,6.7482,0.2862
ageh,5.7688,-0.132
agnolotti,6.6845,0.259
aguachile,6.9305,0.364
agwijjim,6.7482,0.2862
ahriche,5.4803,-0.2553
aji_de_gallina,6.3269,0.1063
ajoblanco,5.8584,-0.0938
akara,5.7688,-0.132
akashiyaki,6.2661,0.0803
akhni,6.3406,0.1122
akkawi,5.6761,-0.1716
akki_rotti,5.58,-0.2127
akok,5.8584,-0.0938
akumaki,5.6761,-0.1716
al_pastor,6.7316,0.2791
albaloo_polo,6.6845,0.259
alcapurria,6.3406,0.1122
aletria,5.58,-0.2127
alexandertorte,6.2661,0.0803
alfajor,5.9452,-0.0567
alicot,5.58,-0.2127
aligue_fried_rice,6.8104,0.3127
alloco,5.7688,-0.132
almond_biscuit,5.4803,-0.2553
aloo_gobi,7.0172,0.4011
aloo_mutter,6.5523,0.2025
aloo_paratha,6.4836,0.1732
aloo_pie,6.1895,0.0476
aloo_tikki,6.7482,0.2862
amala,5.58,-0.2127
amanatt,5.7688,-0.132
amaretti_di_saronno,6.1895,0.0476
amezaiku,5.4803,-0.2553
amish_preaching_soup,5.58,-0.2127
ampaw,5.6761,-0.1716
anadama_bread,5.4803,-0.2553
andong_jjimdak,6.5523,0.2025
andouille,5.4803,-0.2553
andrajos,6.1895,0.0476
ang_ku_kueh,5.8584,-0.0938
angel_wings,6.3406,0.1122
animal_cracker,5.4803,-0.2553
anmitsu,6.4836,0.1732
anpan,6.3406,0.1122
ant_egg_soup,5.58,-0.2127
anticucho,5.9902,-0.0375
anzac_biscuit,5.58,-0.2127
apam_balik,5.7688,-0.132
aparon,5.58,-0.2127
apio,5.58,-0.2127
appam,6.4131,0.1431
apple_bread,5.58,-0.2127
apple_crisp,6.5523,0.2025
apple_dumpling,6.4131,0.1431
apple_pie,6.5523,0.2025
apple_strudel,6.7482,0.2862
arancini,5.8989,-0.0765
arare,5.58,-0.2127
arctic_roll,6.1105,0.0139
areias,5.4803,-0.2553
aremarem,6.0291,-0.0209
arepa,7.0172,0.4011
arroz_a_la_tumbada,6.9885,0.3888
arroz_caldoso,6.4131,0.1431
arroz_chaufa,6.5523,0.2025
arroz_con_gandules,6.9305,0.364
arroz_con_huevo_frito,5.4803,-0.2553
arroz_con_maiz,5.58,-0.2127
arroz_con_pollo,7.6454,0.6693
arroz_de_lisa,6.3406,0.1122
arroz_negro,5.6761,-0.1716
arroz_poblano,6.0291,-0.0209
arrs_negre,6.9305,0.364
arsik,6.0291,-0.0209
asado,5.5579,-0.2221
asam_pedas,6.6192,0.2311
asham,5.4803,-0.2553
asida,5.4803,-0.2553
asinan,5.9452,-0.0567
aspic,5.4803,-0.2553
assidat_zgougou,5.6761,-0.1716
atlantic_beach_pie,6.8104,0.3127
avgolemono,6.4836,0.1732
ayam_buah_keluak,6.4836,0.1732
ayam_pansuh,6.6192,0.2311
b_nng_l_lt,6.7482,0.2862
baba,5.4803,-0.2553
baba_ganoush,6.7988,0.3078
babi_hong,6.6192,0.2311
babic_sausage,5.6761,-0.1716
babka,6.6192,0.2311
bacalhau,6.2042,0.0539
bacalhau_brs,6.8711,0.3387
bacalhau_com_natas,6.8711,0.3387
bacalhau_com_todos,5.6761,-0.1716
bacalhau_gomes_de_s,6.7482,0.2862
bacalhau_z_do_pipo,6.6845,0.259
baci_di_dama,6.4836,0.1732
bacon_and_egg_pie,6.3406,0.1122
badrijani,6.9885,0.3888
bagel,6.0291,-0.0209
bagel_dog,5.4803,-0.2553
baghali_ghatogh,6.4836,0.1732
baghali_polo,6.7482,0.2862
baghrir,6.4131,0.1431
bagiya,5.7688,-0.132
bagoong_fried_rice,6.3406,0.1122
baguette,5.9452,-0.0567
bahon,6.3406,0.1122
bahulu,5.4803,-0.2553
bai_pong_moan,5.6761,-0.1716
bak_kut_teh,5.3713,-0.3018
bakabana,5.58,-0.2127
bakarkhani,6.2661,0.0803
baked_beans,5.58,-0.2127
baked_potato,6.0291,-0.0209
bakewell_pudding,6.4836,0.1732
bakewell_tart,6.6192,0.2311
baklava,7.0346,0.4085
bakmi,6.1895,0.0476
bakpau,6.1895,0.0476
bakpia,5.58,-0.2127
bakpia_pathok,5.7688,-0.132
bakso,6.6845,0.259
bakwan,5.6761,-0.1716
balaobalao,5.8584,-0.0938
balbacua,6.7482,0.2862
balep_korkun,5.4803,-0.2553
balila,6.0291,-0.0209
ballokume,5.4803,-0.2553
ballotine,6.0291,-0.0209
balut,5.4803,-0.2553
balyk,5.58,-0.2127
bamba,5.58,-0.2127
bambalouni,5.8584,-0.0938
bamia,6.6192,0.2311
bammy,5.4803,-0.2553
banana_boat,6.0291,-0.0209
banana_bread,6.1895,0.0476
banana_cream_pie,6.5523,0.2025
bandeja_paisa,6.6337,0.2373
banh_mi,6.4425,0.1556
banh_xeo,5.6469,-0.1841
banitsa,6.6845,0.259
banmian,6.4836,0.1732
bannock,5.4803,-0.2553
bannu_pulao,6.9305,0.364
banoffee_pie,6.8104,0.3127
baozi,6.3406,0.1122
bap,5.8584,-0.0938
bappir,5.4803,-0.2553
bara_brith,5.6761,-0.1716
barbajuan,6.0291,-0.0209
barbari_bread,6.0291,-0.0209
bariis_iskukaris,6.8711,0.3387
barm_cake,5.4803,-0.2553
barmbrack,5.6761,-0.1716
barquillo,5.58,-0.2127
basler_lckerli,5.6761,-0.1716
bath_bun,5.6761,-0.1716
bath_oliver,5.4803,-0.2553
battered_sausage,5.6761,-0.1716
baye_baye,5.4803,-0.2553
bazin,5.4803,-0.2553
bazlama,5.6761,-0.1716
bean_chip,5.4803,-0.2553
bean_pie,5.7688,-0.132
bean_salad,5.4803,-0.2553
bear_claw,6.1895,0.0476
beaver_tail,5.8584,-0.0938
bedfordshire_clanger,5.4803,-0.2553
beef_bourguignon,7.9605,0.8039
beef_bun,5.7688,-0.132
beef_chow_fun,6.9305,0.364
beef_stroganoff,6.7482,0.2862
beef_tartare,5.3713,-0.3018
beefsteak,5.58,-0.2127
beer_bread,5.58,-0.2127
beijinho,6.0291,-0.0209
beika,5.4803,-0.2553
bein_mont,6.7482,0.2862
belgian_bun,5.9452,-0.0567
belgian_waffle,6.8711,0.3387
belokranjska_povitica,6.6192,0.2311
bento,6.1895,0.0476
berger_cookies,6.1105,0.0139
berner_haselnusslebkuchen,6.3406,0.1122
bethmnnchen,5.9452,-0.0567
bhakkha,5.9452,-0.0567
bhakri,5.4803,-0.2553
bhel_puri,6.8711,0.3387
bialy,5.7688,-0.132
biangbiang_noodles,6.6192,0.2311
bibim_guksu,6.5523,0.2025
bibimbap,5.3446,-0.3132
bibingka,6.0291,-0.0209
bichak,5.8584,-0.0938
bichon_au_citron,6.8711,0.3387
bicol_express,6.8711,0.3387
bierock,6.2661,0.0803
bifana,6.1895,0.0476
bife_a_cavalo,6.2661,0.0803
bihun_goreng,6.2661,0.0803
bijajica,5.6761,-0.1716
biko,6.4836,0.1732
biltong,5.3713,-0.3018
bindaetteok,6.4131,0.1431
bing,5.58,-0.2127
binignit,6.4836,0.1732
bionico,6.4131,0.1431
birnbrot,6.5523,0.2025
birria,6.5451,0.1995
biryani,7.5657,0.6353
biscocho,5.7688,-0.132
biscotti,5.6761,-0.1716
bisi_bele_bath,6.8711,0.3387
bissara,6.1105,0.0139
bistek,6.6845,0.259
biyet,6.7482,0.2862
bizcochito,6.0291,-0.0209
bizcocho,5.58,-0.2127
blaa,5.4803,-0.2553
black_and_white_cookie,5.7688,-0.132
black_bottom_pie,6.5523,0.2025
black_bun,5.8584,-0.0938
black_pudding,5.4803,-0.2553
black_sesame_roll,6.2661,0.0803
blackberry_pie,6.4131,0.1431
blanquette_de_veau,6.8711,0.3387
blini,5.4661,-0.2613
blintz,6.4836,0.1732
blueberry_pie,6.4131,0.1431
bn_c,6.6845,0.259
bndner_nusstorte,6.2661,0.0803
bndnerfleisch,5.58,-0.2127
bnh_b,5.9452,-0.0567
bnh_bao,6.1105,0.0139
bnh_bo,6.6845,0.259
bnh_bt_lc,6.7482,0.2862
bnh_c,6.6192,0.2311
bnh_canh,6.1895,0.0476
bnh_chng,6.2661,0.0803
bnh_chui,6.5523,0.2025
bnh_cun,6.9305,0.364
bnh_da_ln,6.6845,0.259
bnh_khoai_m,6.1105,0.0139
bnh_l,5.6761,-0.1716
bnh_m,6.9885,0.3888
bnh_t,5.4803,-0.2553
bnh_tt,6.5523,0.2025
bnh_xo,6.9305,0.364
boat_noodles,5.2734,-0.3436
bob_chorba,5.7688,-0.132
bobotie,6.0291,-0.0209
bockwurst,5.7688,-0.132
boerewors,5.9452,-0.0567
boiled_egg,5.4803,-0.2553
boiled_peanuts,5.58,-0.2127
bokkeumbap,6.5523,0.2025
bolani,6.4131,0.1431
boliche,6.2661,0.0803
bolillo,6.1105,0.0139
bolo_de_rolo,5.6761,-0.1716
bolo_do_caco,6.5523,0.2025
bologna_sausage,5.6761,-0.1716
bondiola_sandwich,6.7482,0.2862
boortsog,5.7688,-0.132
borek,5.4661,-0.2613
borlengo,6.4836,0.1732
borodinsky_bread,5.58,-0.2127
borracho_beans,6.8711,0.3387
borscht,6.6708,0.2531
bossam,5.5579,-0.2221
bossche_bol,6.8711,0.3387
boston_bun,6.2661,0.0803
botamochi,5.7688,-0.132
botifarra,5.8584,-0.0938
botillo,5.4803,-0.2553
boudin,5.4803,-0.2553
bougatsa,6.4836,0.1732
bouillabaisse,5.1722,-0.3868
boule,5.4803,-0.2553
bouneschlupp,5.7688,-0.132
bourbon_biscuit,6.0291,-0.0209
bourekas,6.4836,0.1732
boyoz,5.7688,-0.132
braciolone,6.7482,0.2862
bratwurst,5.0674,-0.4315
bread_pudding,5.8584,-0.0938
bread_roll,5.4803,-0.2553
breadstick,5.4803,-0.2553
breakfast_roll,6.3406,0.1122
breakfast_sausage,5.6761,-0.1716
bredele,5.58,-0.2127
bresaola,5.8584,-0.0938
bridie,5.8584,-0.0938
brigadeiro,6.5523,0.2025
brik,6.2661,0.0803
brioche,6.5523,0.2025
briouat,6.2661,0.0803
brisket,7.6525,0.6723
broa,5.8584,-0.0938
broa_de_avintes,5.58,-0.2127
broas,6.5523,0.2025
brown_bread,5.4803,-0.2553
brownie,3.6885,-1.0204
brsi,5.58,-0.2127
brudet,6.3406,0.1122
bruschetta,5.7856,-0.1248
bruttiboni,6.1895,0.0476
bublik,5.58,-0.2127
bubur_ayam,6.6192,0.2311
bubur_cha_cha,6.4131,0.1431
bubur_kacang_hijau,6.2661,0.0803
bubur_ketan_hitam,6.3406,0.1122
bubur_pedas,6.1895,0.0476
buchimgae,5.8584,-0.0938
budae_jjigae,6.8494,0.3294
buffalo_wings,3.6607,-1.0323
buko_pie,6.1895,0.0476
buldak_ramen,6.4131,0.1431
bulgogi,7.7951,0.7332
bulla_cake,6.0291,-0.0209
bumbleberry_pie,6.8104,0.3127
bun_bo_hue,6.6236,0.233
bun_cha,5.3894,-0.2941
bun_kebab,6.4836,0.1732
bun_rieu,5.4661,-0.2613
bundevara,6.4131,0.1431
bungeoppang,6.0291,-0.0209
bunny_chow,6.5523,0.2025
bupyeon,6.1105,0.0139
burasa,5.9452,-0.0567
burmese_fried_rice,6.4836,0.1732
burmese_tofu,5.4803,-0.2553
burong_isda,5.58,-0.2127
burrito,2.9128,-1.3517
burro_perchern,6.6845,0.259
butajiru,6.2661,0.0803
butifarra_soledeas,5.6761,-0.1716
butter_chicken,8.2227,0.9159
butter_cookie,5.6761,-0.1716
butter_pecan,5.6761,-0.1716
butter_pie,5.58,-0.2127
butter_tart,6.6192,0.2311
buttered_pineapple_bun,6.4836,0.1732
butterkaka,6.3406,0.1122
buttermilk_pie,6.3406,0.1122
buuelo,6.1895,0.0476
buuz,5.58,-0.2127
ca_phe_sua_da,8.3725,0.9798
cabbage_roll,5.58,-0.2127
cabidela,5.7688,-0.132
cabinet_pudding,5.7688,-0.132
cabrito,6.6845,0.259
cachapa,6.6192,0.2311
cachopo,6.9305,0.364
caesar_salad,2.5844,-1.4919
cajuzinho,5.6761,-0.1716
calabacitas_con_puerco,6.8104,0.3127
calavera,5.4803,-0.2553
caldillo_de_perro,6.4131,0.1431
caldo_de_pollo,6.1895,0.0476
caldo_de_queso,6.1105,0.0139
caldo_de_siete_mares,6.6192,0.2311
caldo_galego,5.8584,-0.0938
caldo_verde,5.5579,-0.2221
calfs_liver_and_bacon,5.6761,-0.1716
california_roll,5.8584,-0.0938
callaloo,6.7316,0.2791
callos,6.1895,0.0476
calzone,6.6192,0.2311
camachile_cookie,5.4803,-0.2553
canadian_white_bread,5.4803,-0.2553
candied_carrots,6.0291,-0.0209
canel,6.8104,0.3127
canja_de_galinha,6.6192,0.2311
canjica,6.4131,0.1431
cannelloni,6.6192,0.2311
cannoli,5.4661,-0.2613
cap_cay,6.3406,0.1122
caparrones,6.7482,0.2862
capirotada,5.9452,-0.0567
caponata,6.6845,0.259
caprese,4.8254,-0.5349
carac,6.5523,0.2025
caramel_shortbread,6.6192,0.2311
caramel_tart,6.5523,0.2025
caravane_cheese,5.4803,-0.2553
carbonara,6.8104,0.3127
carimaola,6.4836,0.1732
carne_a_la_tampiquea,6.6192,0.2311
carne_asada,6.7482,0.2862
carniolan_sausage,5.8584,-0.0938
carnitas,6.4801,0.1717
carpaccio,6.4836,0.1732
carpetbag_steak,6.6192,0.2311
carrot_bread,5.4803,-0.2553
carrot_cake,5.9452,-0.0567
carrot_cake_cookie,5.7688,-0.132
carrot_chip,5.4803,-0.2553
carrot_pudding,5.8584,-0.0938
carrot_salad,5.4803,-0.2553
cart_noodle,6.4836,0.1732
caruru,6.1105,0.0139
cashew_pie,5.8584,-0.0938
casoncelli,6.7482,0.2862
castella,5.7688,-0.132
casunziei,6.3406,0.1122
cat_tongue,5.58,-0.2127
catatos,5.4803,-0.2553
causa,5.6469,-0.1841
cavallucci,6.5523,0.2025
caviar,5.6761,-0.1716
caycay,6.1895,0.0476
cebolada,5.4803,-0.2553
century_egg,5.4803,-0.2553
cervelat,5.4803,-0.2553
ceviche,8.3969,0.9903
cezerye,6.6192,0.2311
ch,6.1895,0.0476
ch_gi,6.3406,0.1122
ch_la,6.1105,0.0139
chahan,6.6845,0.259
chai_tow_kway,6.0291,-0.0209
chakalaka,5.6761,-0.1716
chakhchoukha,5.8584,-0.0938
challah,6.0291,-0.0209
chalupa,6.7482,0.2862
champon,6.8104,0.3127
champorado,6.3406,0.1122
champurrado,6.1895,0.0476
chana_masala,6.4425,0.1556
chanfana,6.1895,0.0476
chankonabe,5.4803,-0.2553
chanpur,5.6761,-0.1716
chao,5.9452,-0.0567
chapati,5.58,-0.2127
char_kway_teow,6.3455,0.1142
char_siu,5.3446,-0.3132
char_siu_bao,7.0172,0.4011
charcoal_biscuit,5.4803,-0.2553
charleston_red_rice,6.4131,0.1431
charlotte,6.2661,0.0803
chasan,5.6761,-0.1716
chataamari,6.0291,-0.0209
chatti_pathiri,6.4131,0.1431
chaudin,5.6761,-0.1716
chawanmushi,6.6192,0.2311
chazuke,5.58,-0.2127
chebureki,6.3406,0.1122
chee_cheong_fun,6.6845,0.259
cheese_bun,6.2661,0.0803
cheese_roll,5.6761,-0.1716
cheesecake,6.255,0.0756
cheesymite_scroll,5.58,-0.2127
chelow,6.1105,0.0139
chelow_kabab,6.9885,0.3888
chelsea_bun,6.3406,0.1122
cherry_pie,6.6845,0.259
chess_pie,5.6761,-0.1716
chestnut_pie,6.1105,0.0139
chhena_matar_tarkari,6.7482,0.2862
chhurpi,5.4803,-0.2553
chiayi_turkey_rice,6.8711,0.3387
chicharrn,6.1895,0.0476
chicken_and_mushroom_pie,6.6192,0.2311
chicken_curry,6.7482,0.2862
chicken_feet,5.58,-0.2127
chicken_fillet_roll,5.4803,-0.2553
chicken_kiev,6.5523,0.2025
chicken_pastel,6.6192,0.2311
chicken_riggies,6.6192,0.2311
chicken_salad,2.184,-1.6628
chicken_sandwich,2.605,-1.4831
chicken_tikka,6.4131,0.1431
chicken_tikka_masala,6.9305,0.364
chickpea_bread,5.4803,-0.2553
chiffon_pie,6.4131,0.1431
chiko_roll,5.58,-0.2127
chilaquiles,5.1722,-0.3868
chile_relleno,7.0015,0.3944
chiles_en_nogada,6.9305,0.364
chili,4.9589,-0.4779
chili_con_carne,6.7482,0.2862
chilorio,6.5523,0.2025
chimichanga,6.4131,0.1431
chimichurri,4.9589,-0.4779
chinese_flaky_pastry,5.8584,-0.0938
chinsuk,5.6761,-0.1716
chipa,6.3406,0.1122
chipolata,6.1105,0.0139
chipotle,5.4803,-0.2553
chipsi_mayai,5.6761,-0.1716
chirashizushi,6.7482,0.2862
chitose_ame,5.4803,-0.2553
chitranna,6.8104,0.3127
chocolate_brownie,6.6845,0.259
chocolate_chip_cookie,6.4131,0.1431
chocolate_pudding,6.3406,0.1122
chocolatecoated_marshmallow_treats,6.1105,0.0139
chole_bhature,6.9064,0.3538
cholent,5.8584,-0.0938
cholermus,5.6761,-0.1716
chongos_zamoranos,6.1105,0.0139
chongqing_noodles,6.8104,0.3127
chongyang_cake,5.7688,-0.132
chorizo,6.1105,0.0139
chorley_cake,5.58,-0.2127
chouquette,6.2661,0.0803
chourio_doce,5.4803,-0.2553
choux_pastry,6.3406,0.1122
chow_fun,5.2994,-0.3325
chow_mein,6.3581,0.1196
chow_mein_sandwich,5.4803,-0.2553
christmas_ham,5.58,-0.2127
christmas_pudding,5.58,-0.2127
christmas_wafer,5.4803,-0.2553
chui_chin,6.5523,0.2025
churrasco,4.9589,-0.4779
churro,8.2733,0.9374
churros_mexican,5.8989,-0.0765
churros_spanish,7.1603,0.4622
chwee_kueh,5.6761,-0.1716
ciabatta,5.7688,-0.132
ciba_cake,5.58,-0.2127
ciceri_e_tria,6.1895,0.0476
cifantuan,6.1105,0.0139
cinnamon_roll,6.8104,0.3127
clam_chowder,7.4691,0.594
claypot_rice,6.6845,0.259
clorot,5.7688,-0.132
club_sandwich,4.6807,-0.5967
cm_tm,6.4131,0.1431
cobb_salad,4.9589,-0.4779
cobbler,6.0291,-0.0209
coca,5.58,-0.2127
cocada,5.9452,-0.0567
cocada_amarela,6.2661,0.0803
cochinita_pibil,6.9885,0.3888
cochinito_de_piloncillo,5.7688,-0.132
cocido,6.2661,0.0803
cocido_lebaniego,6.5523,0.2025
cocido_madrileo,6.5523,0.2025
cocido_montas,6.6192,0.2311
cocktail_bun,6.0291,-0.0209
cocktion,5.4803,-0.2553
coco_bread,5.7688,-0.132
coconut_bar,6.0291,-0.0209
coconut_candy,5.58,-0.2127
coconut_drop,6.1105,0.0139
coddled_egg,5.4803,-0.2553
coffee_jelly,5.6761,-0.1716
coffin_bread,6.7482,0.2862
coleslaw,3.0586,-1.2894
colston_bun,5.9452,-0.0567
com_tam,7.7386,0.7091
compote,5.9452,-0.0567
concave_cake,5.9452,-0.0567
conch_fritters,5.8173,-0.1113
concha,6.0291,-0.0209
concoction_rice,5.4803,-0.2553
conejito,6.4836,0.1732
cong_you_bing,6.6192,0.2311
congee,2.9128,-1.3517
conversation_tart,6.8104,0.3127
cookie_cake,5.9452,-0.0567
coppia_ferrarese,5.9452,-0.0567
coq_au_vin,7.971,0.8084
coquito,5.3713,-0.3018
cordon_bleu,6.4836,0.1732
cornbread,4.0801,-0.8532
corned_beef_pie,5.58,-0.2127
cornish_fairing,5.8584,-0.0938
cornish_pasty,6.1895,0.0476
cornulee,6.4836,0.1732
corunda,6.2661,0.0803
cotoletta_alla_bolognese,6.8104,0.3127
cotoletta_alla_milanese,6.8711,0.3387
cottage_loaf,5.4803,-0.2553
coulibiac,6.6192,0.2311
countess,5.7688,-0.132
couscous,6.1308,0.0226
cowboy_beans,5.8584,-0.0938
cowboy_cookies,6.4836,0.1732
coxinha,5.3713,-0.3018
coyotas,6.1105,0.0139
cozido_portuguesa,6.1895,0.0476
cozonac,6.5523,0.2025
cracker,5.4803,-0.2553
crappit_heid,5.4803,-0.2553
cream_bun,5.8584,-0.0938
cream_cracker,5.4803,-0.2553
cream_horn,6.5523,0.2025
cream_pie,6.1895,0.0476
cream_stew,6.4131,0.1431
creamed_eggs_on_toast,6.1105,0.0139
creme_brulee,8.0673,0.8495
creme_de_papaya,6.1105,0.0139
cremeschnitte,6.6845,0.259
crempog,5.58,-0.2127
crepe,7.5647,0.6349
crispbread,5.4803,-0.2553
crispy_pata,6.6192,0.2311
crme_caramel,6.4836,0.1732
crocetta_di_caltanissetta,6.6845,0.259
croissant,6.4425,0.1556
croline,5.7688,-0.132
cronut,6.5523,0.2025
croque_monsieur,6.6192,0.2311
croquembouche,6.8104,0.3127
croquetas,6.5006,0.1805
croquette,5.8584,-0.0938
crossingthebridge_noodles,6.9885,0.3888
crouton,5.4803,-0.2553
crpes_suzette,6.8104,0.3127
crumpet,5.58,-0.2127
cuban_bread,5.58,-0.2127
cuban_pastry,6.4836,0.1732
cubano_sandwich,5.9783,-0.0426
cuccidati,6.1105,0.0139
cuchufl,6.1105,0.0139
cup_noodles,5.4803,-0.2553
curau,5.9452,-0.0567
curd_rice,5.6761,-0.1716
curd_snack,5.58,-0.2127
currant_bun,5.58,-0.2127
curry_bread,6.1895,0.0476
curry_mee,6.9305,0.364
curry_pie,5.58,-0.2127
curry_puff,6.6192,0.2311
currywurst,6.7316,0.2791
curtido,5.6761,-0.1716
custard,5.58,-0.2127
custard_cream,5.7688,-0.132
custard_pie,5.6761,-0.1716
custard_tart,5.9452,-0.0567
da_bao,5.9452,-0.0567
dabo_kolo,5.6761,-0.1716
dahi,5.4803,-0.2553
daifuku,6.1105,0.0139
dakgalbi,6.7911,0.3045
dal,7.2912,0.5181
dal_bati,6.6192,0.2311
dal_bhat,5.7688,-0.132
dal_makhani,6.9885,0.3888
dalcha,6.2661,0.0803
dambou,5.4803,-0.2553
damper,5.4803,-0.2553
dampfnudel,5.7688,-0.132
dan_dan_noodles,10.0,1.6748
dan_tat,5.8902,-0.0802
dan_zai_noodles,6.8104,0.3127
danbing,6.3406,0.1122
dango,5.58,-0.2127
danish_pastry,6.7482,0.2862
deep_fried_egg,5.4803,-0.2553
deepfried_peanuts,5.4803,-0.2553
delele,5.58,-0.2127
denver_sandwich,5.7688,-0.132
derby_pie,6.2661,0.0803
detroitstyle_pizza,6.8104,0.3127
deviled_egg,5.6761,-0.1716
devils_on_horseback,6.1105,0.0139
devon,5.4803,-0.2553
dhansak,6.7482,0.2862
dhebra,5.4803,-0.2553
dhindo,5.58,-0.2127
dhokla,6.1105,0.0139
digestive_biscuit,5.58,-0.2127
dilly_beans,5.4803,-0.2553
dim_sum,3.9694,-0.9004
dim_sum_items,5.1722,-0.3868
diri_djondjon,6.4836,0.1732
dirty_rice,6.4131,0.1431
divinity,5.58,-0.2127
doctors_sausage,5.4803,-0.2553
dodol,5.8584,-0.0938
doenjang_jjigae,6.1895,0.0476
doj_nabe,5.58,-0.2127
dolma,6.7242,0.276
dombolo,5.4803,-0.2553
donburi,1.0,-2.1685
doner_kebab,6.4801,0.1717
doodhpak,6.6845,0.259
dorayaki,6.4131,0.1431
doro_wot,6.7316,0.2791
dosa,2.184,-1.6628
doubles,6.3406,0.1122
douhua,5.6761,-0.1716
douzhi,5.4803,-0.2553
dovga,5.7688,-0.132
drabbelkoek,5.4803,-0.2553
draw_soup,6.0291,-0.0209
dressed_herring,5.58,-0.2127
drob,5.6761,-0.1716
drowors,5.7688,-0.132
drunken_noodles,6.8104,0.3127
dubukimchi,6.7482,0.2862
duck_confit,6.4136,0.1433
duck_rice,6.6192,0.2311
dumb_bread,5.58,-0.2127
dumplings,7.7028,0.6938
dutch_letter,5.9452,-0.0567
eba,5.58,-0.2127
ebi_furai,6.6845,0.259
echicha,6.2661,0.0803
eclair,5.0674,-0.4315
edamame,7.2912,0.5181
edikang_ikong,6.7482,0.2862
efo_riro,6.5523,0.2025
egg_bhurji,6.4131,0.1431
egg_butter,5.4803,-0.2553
egg_drop_soup,6.0291,-0.0209
egg_foo_young,6.4131,0.1431
egg_in_the_basket,5.4803,-0.2553
egg_pie,6.5523,0.2025
egg_roll,5.7688,-0.132
egg_salad,5.4803,-0.2553
egg_sandwich,5.58,-0.2127
egg_tart,6.1895,0.0476
egg_waffle,6.1105,0.0139
egg_yolk_pastry,6.8711,0.3387
eggah,6.1105,0.0139
eggplant_papoutsaki,6.1105,0.0139
eggplant_parm,5.8989,-0.0765
eggs_and_brains,5.4803,-0.2553
eggs_beauregard,5.8584,-0.0938
eggs_benedict,5.8989,-0.0765
eggs_kejriwal,6.3406,0.1122
egusi_soup,7.0172,0.4011
eisbein,5.58,-0.2127
eish_merahrah,5.6761,-0.1716
ekwang,6.5523,0.2025
el_fudge,5.8584,-0.0938
elote,8.3479,0.9693
empado,5.6761,-0.1716
empanada,6.4836,0.1732
empire_biscuit,5.9452,-0.0567
enchilada,5.1147,-0.4113
enduri_pitha,5.7688,-0.132
english_muffin,5.6761,-0.1716
enovka,5.7688,-0.132
ensamada,5.58,-0.2127
entomatada,6.2661,0.0803
eomandu,6.5523,0.2025
erkuai,6.4836,0.1732
eru,6.4131,0.1431
escabeche,6.1895,0.0476
escamol,5.4803,-0.2553
escargot,7.3841,0.5578
escovitch_fish,5.9783,-0.0426
escudella,6.0291,-0.0209
esnica,5.4803,-0.2553
espasol,5.9452,-0.0567
ewa_aganyin,6.1105,0.0139
fa_gao,5.58,-0.2127
fabada_asturiana,6.2661,0.0803
fabes_con_almejas,6.6192,0.2311
fajita,2.002,-1.7406
falafel,4.9236,-0.493
farinata,5.6761,-0.1716
farl,5.4803,-0.2553
farsu_magru,5.6761,-0.1716
fasolada,6.1895,0.0476
fasole_cu_crnai,6.4836,0.1732
fat_rascal,5.4803,-0.2553
fattoush,7.071,0.424
fazuelos,6.1895,0.0476
feijo_tropeiro,6.6192,0.2311
feijoada,5.1722,-0.3868
fesenjan,6.2757,0.0844
fesikh,5.4803,-0.2553
fideu,6.6845,0.259
fig_roll,5.6761,-0.1716
figgy_pudding,6.0291,-0.0209
figolla,6.1895,0.0476
finger_bun,5.4803,-0.2553
finskepinner,5.58,-0.2127
fio_fio,5.4803,-0.2553
fios_de_ovos,5.7688,-0.132
fish_and_chips,2.7869,-1.4054
fish_ball,5.58,-0.2127
fish_pie,6.5523,0.2025
fish_tacos,6.0556,-0.0096
fishermans_soup,6.6192,0.2311
fitfit,6.3406,0.1122
fla,6.0291,-0.0209
flaki,5.4803,-0.2553
flaky_pastry,5.8584,-0.0938
flan,5.8584,-0.0938
flapper_pie,6.5523,0.2025
flatbrd,5.58,-0.2127
flatkaka,5.4803,-0.2553
flaugnarde,6.6845,0.259
fleischkuekle,5.9452,-0.0567
flies_graveyard,5.58,-0.2127
flipper_pie,5.4803,-0.2553
floating_island,6.5523,0.2025
florentine_biscuit,6.5523,0.2025
flour_kurabiye,5.4803,-0.2553
flsklgg_med_rotmos,5.7688,-0.132
focaccia,5.1722,-0.3868
folar,5.6761,-0.1716
fondue,4.9589,-0.4779
fortune_cookie,5.4803,-0.2553
fougasse,6.4836,0.1732
francesinha,6.9305,0.364
franzbrtchen,6.1105,0.0139
freekeh,5.58,-0.2127
frejon,5.58,-0.2127
french_fries,4.4663,-0.6882
french_onion_soup,8.3222,0.9584
french_roll,5.4803,-0.2553
french_toast,6.5523,0.2025
fresh_spring_roll,6.9775,0.3841
fricasse,6.7482,0.2862
fricot,5.6761,-0.1716
fried_chicken,4.0801,-0.8532
fried_egg,5.58,-0.2127
fried_ice_cream,6.5523,0.2025
fried_pie,5.8584,-0.0938
fried_rice,3.4688,-1.1142
frijoles_charros,6.7482,0.2862
frijoles_negros,6.3406,0.1122
frijoles_puercos,6.7482,0.2862
frikkadel,6.0291,-0.0209
fritaja,6.1105,0.0139
frittata,6.0291,-0.0209
frittella,5.8584,-0.0938
frozen_banana,5.9452,-0.0567
frozen_custard,6.7482,0.2862
fruit_bun,5.6761,-0.1716
fruit_by_the_foot,5.4803,-0.2553
fruit_hat,5.7688,-0.132
fruit_rollups,5.4803,-0.2553
fudge,5.7688,-0.132
fudge_cookie,5.58,-0.2127
fufu,5.2976,-0.3332
fugazza,6.4836,0.1732
fugu_chiri,5.6761,-0.1716
ful_medames,5.3713,-0.3018
fun_guo,6.6192,0.2311
funing_big_cake,5.8584,-0.0938
funkaso,5.8584,-0.0938
furai,6.1895,0.0476
fusi,6.3406,0.1122
fzelk,5.6761,-0.1716
gado_gado,6.6708,0.2531
gaifan,5.9452,-0.0567
gaisburger_marsch,6.3406,0.1122
gajar_ka_halwa,6.8711,0.3387
galaktoboureko,6.7911,0.3045
galantine,5.6761,-0.1716
galbijjim,6.6192,0.2311
galette,5.6469,-0.1841
galettesaucisse,6.2661,0.0803
galinhada,6.2661,0.0803
galletas_de_patatas,5.58,-0.2127
galletas_pesquera,5.4803,-0.2553
gallo_pinto,6.1895,0.0476
gambas_al_ajillo,6.2757,0.0844
ganci,5.4803,-0.2553
ganmodoki,5.6761,-0.1716
gaobuli,5.4803,-0.2553
garbure,5.9452,-0.0567
garibaldi_biscuit,5.58,-0.2127
garnacha,6.4131,0.1431
gatsby,6.4131,0.1431
gazelle_ankles,6.4131,0.1431
gazpacho,8.0673,0.8495
gazpachuelo,5.6761,-0.1716
gelato,7.9605,0.8039
general_tso,6.1003,0.0095
genfo,5.6761,-0.1716
germkndel,6.8711,0.3387
ghapama,6.4131,0.1431
gheimeh,6.7482,0.2862
ghormeh_sabzi,6.6086,0.2266
ghugni,6.4131,0.1431
gi_cun,6.9305,0.364
gibanica,5.6761,-0.1716
gigantes_plaki,6.4131,0.1431
gimbap,6.7482,0.2862
ginataang_mais,6.4836,0.1732
ginataang_munggo,6.6845,0.259
ginger_snap,5.6761,-0.1716
gingerbread,5.7688,-0.132
gingerbread_man,5.4803,-0.2553
gionb,5.9452,-0.0567
githeri,5.4803,-0.2553
gizzada,6.4836,0.1732
glamorgan_sausage,5.7688,-0.132
gnocchi,7.9333,0.7923
goat_curry,6.5523,0.2025
goat_water,6.6192,0.2311
gobi_paratha,6.4131,0.1431
gobki,6.1105,0.0139
goetta,5.9452,-0.0567
gordita,6.1895,0.0476
gored_gored,5.6761,-0.1716
goto,6.5523,0.2025
goulash,6.6192,0.2311
gozleme,7.1486,0.4572
graham_bread,5.4803,-0.2553
grahova_pretepena_juha,5.58,-0.2127
grape_hull_pie,5.8584,-0.0938
grass_jelly,5.58,-0.2127
grater_cake,5.7688,-0.132
green_bean_casserole,5.58,-0.2127
green_curry,4.6745,-0.5993
green_tea_ice_cream,5.9452,-0.0567
grey_peas,5.58,-0.2127
grilled_cheese,6.9348,0.3659
gringas,6.5523,0.2025
gteau_basque,6.8104,0.3127
guacamole,7.5941,0.6474
guanime,5.7688,-0.132
guatita,5.58,-0.2127
guazi,5.4803,-0.2553
guernsey_bean_jar,6.6192,0.2311
gujhia,6.6845,0.259
gulab_jamun,6.1308,0.0226
gulai,6.8104,0.3127
gumbo,6.8104,0.3127
gundain,6.0291,-0.0209
gundruk,5.4803,-0.2553
guokui,5.58,-0.2127
guryev_porridge,6.0291,-0.0209
gustavus_adolphus_pastry,5.4803,-0.2553
guyanese_pepperpot,6.6192,0.2311
gyeranjjim,6.2661,0.0803
gyeranmari,5.8584,-0.0938
gyeranppang,6.5523,0.2025
gyhi,5.4803,-0.2553
gyoza,6.6192,0.2311
gyro,6.2168,0.0593
gyudon,5.6469,-0.1841
hache,5.4803,-0.2553
haddekuche,5.4803,-0.2553
haggis,5.4803,-0.2553
hainanese_chicken_rice,6.9305,0.364
hakuto_jelly,6.4131,0.1431
halfmoon_cookie,5.6761,-0.1716
halfsmoke,6.3406,0.1122
hallaca,6.6845,0.259
hallongrotta,5.9452,-0.0567
halloumi,6.9796,0.385
hallulla,5.4803,-0.2553
halo_halo,5.0674,-0.4315
halva,6.1895,0.0476
ham_and_cheese_sandwich,5.6761,-0.1716
ham_and_egg_bun,5.7688,-0.132
ham_and_eggs,5.4803,-0.2553
ham_salad,5.4803,-0.2553
ham_sandwich,5.4803,-0.2553
hamantash,5.9452,-0.0567
hamburger,4.0224,-0.8778
hamin,5.6761,-0.1716
haminados,5.4803,-0.2553
hanabiramochi,5.8584,-0.0938
hangtown_fry,6.3406,0.1122
har_gow,6.8711,0.3387
hard_dough_bread,5.7688,-0.132
hardtack,5.4803,-0.2553
hariharinabe,5.4803,-0.2553
harira,6.0291,-0.0209
harissa,6.2757,0.0844
harqma,5.8584,-0.0938
hasenpfeffer,6.0291,-0.0209
hash_browns,5.7688,-0.132
hawaiian_pizza,5.8584,-0.0938
hawawshi,6.6192,0.2311
hayashi_rice,6.4836,0.1732
head_cheese,5.4803,-0.2553
heiwecke,5.58,-0.2127
hellimli,6.1895,0.0476
hello_panda,5.4803,-0.2553
helzel,5.4803,-0.2553
heong_peng,6.4131,0.1431
hertzoggie,5.4803,-0.2553
higashi,5.4803,-0.2553
himbasha,5.8584,-0.0938
hishi_mochi,5.9452,-0.0567
hiyashi_chka,6.1895,0.0476
hiyayakko,5.58,-0.2127
hoagie_roll,5.4803,-0.2553
hochepot,6.0291,-0.0209
hog_maw,5.4803,-0.2553
hogs_pudding,5.4803,-0.2553
hokkien_char_mee,6.8711,0.3387
hokkien_fried_rice,6.5523,0.2025
holishkes,6.4131,0.1431
homity_pie,6.0291,-0.0209
honey_bun,6.3406,0.1122
hong_dou_tang,5.8584,-0.0938
hoppang,5.6761,-0.1716
hoppin_john,6.0291,-0.0209
horchata,5.7688,-0.132
horiatiki,5.9783,-0.0426
hornazo,6.2661,0.0803
hortobgyi_palacsinta,6.3406,0.1122
hot_and_sour_noodles,6.8711,0.3387
hot_and_sour_soup,6.7259,0.2767
hot_and_spicy_cheese_bread,6.1105,0.0139
hot_cross_bun,6.0291,-0.0209
hot_dog,6.1308,0.0226
hot_dog_bun,5.4803,-0.2553
hot_dry_noodles,6.8711,0.3387
hot_link_sausage,5.58,-0.2127
hot_pockets,5.4803,-0.2553
hot_pot,6.9305,0.364
hot_water_crust_pastry,5.4803,-0.2553
hotteok,6.7482,0.2862
hsi_htamin,6.5523,0.2025
ht,5.8584,-0.0938
htaman,6.4131,0.1431
htamin_jin,6.1895,0.0476
hu_tieu,4.9589,-0.4779
huachinango_a_la_veracruzana,6.9885,0.3888
huaian_pingqiao_tofu,6.4836,0.1732
huarache,6.8104,0.3127
huevos_estrellados,6.4836,0.1732
huevos_motuleos,6.7482,0.2862
huevos_rancheros,6.9305,0.364
huff_paste,5.4803,-0.2553
hummus,7.0674,0.4225
hutspot,5.58,-0.2127
hwajeon,5.7688,-0.132
hwangnamppang,6.0291,-0.0209
ice_cream,5.9411,-0.0585
iced_bun,5.4803,-0.2553
idiyappam,5.9452,-0.0567
idli,5.0118,-0.4553
ifumi,6.4836,0.1732
imagawayaki,6.2661,0.0803
imam_bayld,6.6845,0.259
imoni,5.6761,-0.1716
inarizushi,6.3406,0.1122
inipit,5.7688,-0.132
injeolmi,5.8584,-0.0938
injera,2.9925,-1.3176
irish_stew,6.1895,0.0476
iron_egg,6.3406,0.1122
iru,5.4803,-0.2553
ishikarinabe,6.9885,0.3888
isi_ewu,5.8584,-0.0938
isidudu,5.4803,-0.2553
iskender_kebab,6.6708,0.2531
israeli_couscous,5.4803,-0.2553
italian_sausage,5.7688,-0.132
jachnun,6.0291,-0.0209
jacobina,5.4803,-0.2553
jalangkote,6.2661,0.0803
jalapeo_popper,6.4131,0.1431
jalebi,7.0503,0.4152
jam_rolypoly,6.1895,0.0476
jamaican_patty,6.7482,0.2862
jambalaya,6.8104,0.3127
jambon,6.1105,0.0139
jambonbeurre,6.4131,0.1431
jammie_dodgers,5.8584,-0.0938
janchi_guksu,6.4836,0.1732
japanese_milk_bread,6.1105,0.0139
japanesestyle_peanuts,5.58,-0.2127
japchae,7.5351,0.6222
jatguksu,6.2661,0.0803
java_rice,6.0291,-0.0209
jaynagarer_moa,5.9452,-0.0567
jeera_bhaat,6.1105,0.0139
jellied_veal,5.4803,-0.2553
jelly_doughnut,5.9452,-0.0567
jeon,6.1105,0.0139
jerk_chicken,5.1722,-0.3868
jeungpyeon,5.4803,-0.2553
jhalmuri,6.4131,0.1431
ji_dan_gao,5.8584,-0.0938
jian_dui,6.6192,0.2311
jiaozi,6.6192,0.2311
jingisukan,6.6192,0.2311
jiuniang,5.4803,-0.2553
jjajangmyeon,6.4801,0.1717
jjamppong,6.8104,0.3127
jjim,5.8584,-0.0938
jjinppang,5.7688,-0.132
jjolmyeon,6.3406,0.1122
jodenkoek,5.58,-0.2127
joe_frogger,6.3406,0.1122
johnnycake,5.4803,-0.2553
jokbal,5.4661,-0.2613
jollof_rice,6.8494,0.3294
joshpara,6.3406,0.1122
jota,6.1105,0.0139
joulutorttu,6.1895,0.0476
jsuite,6.4131,0.1431
jucy_lucy,6.4131,0.1431
judd_mat_gaardebounen,6.3406,0.1122
jujeh_kabab,6.9305,0.364
juk,5.58,-0.2127
jumble,5.7688,-0.132
kaak,5.4803,-0.2553
kaasstengels,5.7688,-0.132
kabab_barg,6.9885,0.3888
kabab_koobideh,6.8104,0.3127
kabsa,6.5523,0.2025
kabuli_pulao,6.9885,0.3888
kachori,6.6845,0.259
kachumbari,5.8584,-0.0938
kadhi,6.2661,0.0803
kadyos_baboy_kag_langka,6.1105,0.0139
kadyos_manok_kag_ubad,5.8584,-0.0938
kagoshima_ramen,6.6192,0.2311
kahk,6.3406,0.1122
kaiserschmarrn,6.6845,0.259
kaki_furai,6.5523,0.2025
kakiage,6.5523,0.2025
kakigri,6.1895,0.0476
kalakukko,5.58,-0.2127
kalamay,6.1895,0.0476
kaldereta,6.8711,0.3387
kalguksu,6.2661,0.0803
kalitsounia,5.8584,-0.0938
kalops,6.0291,-0.0209
kamameshi,6.5523,0.2025
kamir,5.9452,-0.0567
kamounia,5.9452,-0.0567
kapana,5.8584,-0.0938
kapuska,5.58,-0.2127
karaage,5.2734,-0.3436
karakudamono,5.4803,-0.2553
karaoreva_nicla,6.6192,0.2311
kare_kare,5.5579,-0.2221
karelian_hot_pot,6.1105,0.0139
karelian_pasty,5.7688,-0.132
karint,5.58,-0.2127
karnyark,6.6192,0.2311
karukan,5.4803,-0.2553
kasha,5.4803,-0.2553
kashk_bademjan,6.6845,0.259
kaszanka,5.4803,-0.2553
kat_kyi_kaik,6.8104,0.3127
kateh,5.58,-0.2127
katemeshi,5.4803,-0.2553
kati_roll,6.7482,0.2862
katiya,6.3406,0.1122
katsu,7.0674,0.4225
katsu_curry,9.8626,1.6161
katsudon,6.9305,0.364
katsuobushi,5.6761,-0.1716
katsusando,6.4836,0.1732
kebab,6.9983,0.393
kedgeree,6.2661,0.0803
kedjenou,6.0291,-0.0209
keftedes,5.4661,-0.2613
kelewele,6.6192,0.2311
kenchinjiru,5.58,-0.2127
kenkey,5.58,-0.2127
kesme,5.7688,-0.132
ketupat,5.4803,-0.2553
key_lime_pie,6.6845,0.259
khachapuri,6.8104,0.3127
khai_yat_sai,6.6845,0.259
khakhra,5.4803,-0.2553
khanom_bueang,6.6845,0.259
khanom_khai,5.8584,-0.0938
khanom_sai_bua,5.8584,-0.0938
khanom_sot_sai,6.4836,0.1732
khao_kan_chin,6.7482,0.2862
khao_khluk_kapi,6.8104,0.3127
khao_lam,6.1105,0.0139
khao_man_gai,5.6469,-0.1841
khao_phat,6.6192,0.2311
khao_piak_sen,6.9305,0.364
khao_poon,6.8104,0.3127
khao_soi,6.3406,0.1122
khao_tom,6.7482,0.2862
khapse,5.7688,-0.132
kharcho,6.6192,0.2311
khash,5.4803,-0.2553
khauk_sw_thoke,6.9305,0.364
kheer,6.7482,0.2862
khichdi,5.6761,-0.1716
khinkali,6.4836,0.1732
kholodets,5.58,-0.2127
khoresh_karafs,5.7688,-0.132
khow_suey,6.9885,0.3888
khubz,5.4803,-0.2553
kiampong,6.4836,0.1732
kibbeh,6.6086,0.2266
kibbeh_nayyeh,5.8584,-0.0938
kibinai,5.7688,-0.132
kichel,5.58,-0.2127
kifli,5.6761,-0.1716
kig_ha_farz,5.4803,-0.2553
kikomando,5.7688,-0.132
kilishi,5.58,-0.2127
killie_pie,5.7688,-0.132
kimbap,7.5647,0.6349
kimchi,5.3728,-0.3011
kimchi_jjigae,4.0801,-0.8532
kimpinn,6.0291,-0.0209
kinema,5.7688,-0.132
kinpira,5.6761,-0.1716
kiping,5.6761,-0.1716
kipper,5.6761,-0.1716
kiribath,5.9452,-0.0567
kiritanpo,5.6761,-0.1716
kishka,5.4803,-0.2553
kisra,5.58,-0.2127
kitcha,5.4803,-0.2553
kitfo,5.9783,-0.0426
kiukai,5.6761,-0.1716
kleicha,6.6845,0.259
klepon,6.6192,0.2311
klobsnk,6.0291,-0.0209
kluai_khaek,6.0291,-0.0209
knafeh,6.8711,0.3387
kniekchle,5.8584,-0.0938
knish,5.8584,-0.0938
koba,6.2661,0.0803
koeksister,5.9452,-0.0567
kofte,5.5579,-0.2221
kogel_mogel,5.6761,-0.1716
kok,6.4131,0.1431
kokonte,5.58,-0.2127
kolach,5.4803,-0.2553
kolompeh,6.2661,0.0803
komaj_sehen,6.3406,0.1122
kongbap,5.6761,-0.1716
kongguksu,5.9452,-0.0567
konpeit,5.4803,-0.2553
konro,6.4836,0.1732
koobideh,6.9624,0.3777
koottu,5.9452,-0.0567
korean_fried_chicken,9.4442,1.4375
korma,8.0275,0.8325
korokke,6.6192,0.2311
korovai,5.6761,-0.1716
kosambari,6.2661,0.0803
koshary,6.8711,0.3387
kotlovina,6.4836,0.1732
kouignamann,6.8104,0.3127
koulourakia,6.2661,0.0803
kozhukkatta,5.8584,-0.0938
kraft_dinner,5.4803,-0.2553
krapfen,6.4131,0.1431
krautshuptchen,5.7688,-0.132
krembo,5.9452,-0.0567
kringlea,6.4131,0.1431
kripik,5.4803,-0.2553
krofne,6.1895,0.0476
krotule,5.4803,-0.2553
krtskalcs,6.8711,0.3387
krumiri,5.58,-0.2127
krumkake,6.1895,0.0476
krupuk,5.58,-0.2127
ksekrainer,6.4131,0.1431
ksesptzle,6.8104,0.3127
kubaneh,6.0291,-0.0209
kuchen,5.58,-0.2127
kue_gapit,5.4803,-0.2553
kue_lapis,5.9452,-0.0567
kue_makmur,5.58,-0.2127
kue_mangkok,5.4803,-0.2553
kue_putri_salju,5.4803,-0.2553
kue_putu,6.4131,0.1431
kue_satu,5.4803,-0.2553
kue_semprong,5.8584,-0.0938
kuku,5.8584,-0.0938
kulcha,5.6761,-0.1716
kulen,5.58,-0.2127
kulich,5.4803,-0.2553
kulikuli,5.58,-0.2127
kunefe,6.9624,0.3777
kung_pao_chicken,4.6745,-0.5993
kuning,5.9452,-0.0567
kupat_tahu,5.8584,-0.0938
kupati,5.6761,-0.1716
kurnik,5.8584,-0.0938
kuru_fasulye,6.0291,-0.0209
kusa_mochi,5.8584,-0.0938
kushikatsu,6.4131,0.1431
kutia,5.9452,-0.0567
kutsinta,5.7688,-0.132
kuurdak,5.4803,-0.2553
kuzhambu,6.4836,0.1732
kuzumochi,6.0291,-0.0209
kwacoco,5.58,-0.2127
kwati,5.9452,-0.0567
kwetiau_goreng,6.8711,0.3387
kya_zan_hinga,6.6845,0.259
kyay_oh,6.6845,0.259
lablabi,6.1105,0.0139
labneh,5.9783,-0.0426
ladera,5.8584,-0.0938
ladyfinger,5.58,-0.2127
ladys_navel,6.4836,0.1732
laffa,6.3406,0.1122
lagana,5.4803,-0.2553
lagman,5.8989,-0.0765
lahmacun,6.7316,0.2791
lahoh,5.4803,-0.2553
laing,6.7482,0.2862
laksa,9.5984,1.5033
lakso,6.7482,0.2862
lamington,6.1895,0.0476
lancashire_hotpot,6.2661,0.0803
lanttusupikas,6.3406,0.1122
lanzhou_beef_noodle_soup,6.9305,0.364
laobing,5.6761,-0.1716
laping,5.7688,-0.132
larb,7.9433,0.7965
lard_na,6.6845,0.259
lasagna,6.3104,0.0993
lattice,5.4803,-0.2553
laufabrau,5.4803,-0.2553
lauzinaj,6.6192,0.2311
lavash,5.4803,-0.2553
lbr,6.4836,0.1732
ldagun,5.7688,-0.132
lebkuchen,5.8584,-0.0938
lecs,6.1895,0.0476
lefse,5.4803,-0.2553
leipziger_lerche,6.1105,0.0139
lektuphng,6.1895,0.0476
lemang,6.3406,0.1122
lemon_ice_box_pie,6.6192,0.2311
lemon_meringue_pie,6.8104,0.3127
lemper,6.3406,0.1122
lengua_de_gato,5.8584,-0.0938
lentil_soup,5.6761,-0.1716
lepet,6.3406,0.1122
levengi,6.7482,0.2862
liangfen,5.58,-0.2127
liangpi,5.8584,-0.0938
limpa,6.0291,-0.0209
linatan,6.6192,0.2311
lincoln_biscuit,5.4803,-0.2553
lincolnshire_sausage,5.6761,-0.1716
linga,5.58,-0.2127
linguia,6.1105,0.0139
linzer_torte,6.6845,0.259
liverwurst,5.4803,-0.2553
llapingacho,6.6192,0.2311
lngos,6.1105,0.0139
lo_mai_chi,6.2661,0.0803
lo_mai_gai,6.8104,0.3127
lo_mein,2.8379,-1.3836
lobby,5.58,-0.2127
lobio,6.4131,0.1431
lobster_roll,7.8785,0.7689
lobster_stew,6.4836,0.1732
lobster_thermidor,6.9305,0.364
loco_moco,6.6192,0.2311
locrio,6.1105,0.0139
locro,6.1105,0.0139
lokma,6.3406,0.1122
lomo_saltado,6.6086,0.2266
london_bun,5.7688,-0.132
longaniza,6.1105,0.0139
longevity_peach,5.4803,-0.2553
lontong,5.6761,-0.1716
loobia_polo,6.5523,0.2025
lorna_doone,5.4803,-0.2553
lorne_sausage,5.4803,-0.2553
lotus_seed_bun,5.7688,-0.132
loukoumades,6.3455,0.1142
lskisoosi,6.4131,0.1431
lucky_tattie,5.4803,-0.2553
lugaw,5.4803,-0.2553
lukanka,5.4803,-0.2553
lumpia,5.2394,-0.3581
lunggoi_katsa,5.4803,-0.2553
luosifen,6.8711,0.3387
lupis,6.4836,0.1732
lutefisk,5.4803,-0.2553
lye_roll,5.58,-0.2127
m_qung,6.6845,0.259
maamoul,6.4836,0.1732
mabok,6.5523,0.2025
mac_and_cheese,5.8597,-0.0932
macarons,6.4136,0.1433
machaca,5.8584,-0.0938
machacado_con_huevo,6.6192,0.2311
mache,5.4803,-0.2553
maconochie,5.4803,-0.2553
madumongso,6.1105,0.0139
mafe,5.8173,-0.1113
maggi_goreng,5.8584,-0.0938
maja_blanca,6.1895,0.0476
makarony_poflotski,5.8584,-0.0938
makdous,6.5523,0.2025
makguksu,6.0291,-0.0209
makizushi,6.4836,0.1732
makroudh,6.5523,0.2025
mala_mogodu,5.58,-0.2127
malai_kofta,6.7911,0.3045
malay_sponge_cake,5.7688,-0.132
malewa,5.58,-0.2127
malsouka,5.4803,-0.2553
malted_milk,5.4803,-0.2553
maltese_bread,6.7482,0.2862
maluj,5.4803,-0.2553
malva_pudding,6.7482,0.2862
mamn_tostado,5.6761,-0.1716
man_pelado,6.2661,0.0803
manakish,6.4801,0.1717
manchamanteles,6.8711,0.3387
manchester_tart,6.4836,0.1732
manchet,5.58,-0.2127
manda_pitha,6.4836,0.1732
manda_roti,5.58,-0.2127
mandarin_roll,5.58,-0.2127
mandazi,5.4803,-0.2553
mandelbrot,5.6761,-0.1716
mandelkubb,5.6761,-0.1716
mandi,6.5523,0.2025
mandu,6.2661,0.0803
mango_pudding,6.6192,0.2311
mango_sticky_rice,7.6813,0.6847
manicotti,6.4131,0.1431
manj,6.1895,0.0476
manjar_blanco,5.6761,-0.1716
manjar_branco,5.6761,-0.1716
mansaf,6.8104,0.3127
mantau,5.58,-0.2127
mantecada,5.4803,-0.2553
manti,6.5523,0.2025
manti_turkish,6.0556,-0.0096
manty,5.4661,-0.2613
maple_leaf_cream_cookie,6.1105,0.0139
mapo_tofu,7.0015,0.3944
maqluba,6.7482,0.2862
marghi_special,6.3406,0.1122
mariamole,5.6761,-0.1716
marie_biscuit,5.4803,-0.2553
marillenkndel,6.7482,0.2862
markook,5.58,-0.2127
marquesita,6.6845,0.259
marraqueta,5.58,-0.2127
maruya,5.8584,-0.0938
marzipan,5.58,-0.2127
masa_podrida,5.4803,-0.2553
masala_omelette,6.3406,0.1122
masan,5.9452,-0.0567
masi,6.5523,0.2025
massaman,5.6469,-0.1841
massaman_curry,7.7951,0.7332
matapa,6.1895,0.0476
matbucha,6.1105,0.0139
matev,5.58,-0.2127
matzah,5.4803,-0.2553
matzah_brei,5.6761,-0.1716
maultasche,6.1105,0.0139
mchoui,6.5523,0.2025
mcver,6.2661,0.0803
mealie_bread,5.58,-0.2127
meat_and_potato_pie,5.7688,-0.132
meat_pie,6.1105,0.0139
meatloaf,5.2734,-0.3436
mechado,6.5523,0.2025
mechouia_salad,6.4836,0.1732
medisterplse,5.6761,-0.1716
medovik,6.7482,0.2862
mee_bandung_muar,6.9305,0.364
mee_goreng,5.1722,-0.3868
mee_pok,6.6845,0.259
mee_siam,6.8104,0.3127
meeshay,6.4836,0.1732
meghli,6.4131,0.1431
meimurska_gibanica,6.4131,0.1431
melba_toast,5.4803,-0.2553
melktert,6.4131,0.1431
melonpan,6.4836,0.1732
melton_mowbray_pork_pie,5.9452,-0.0567
memela,5.9452,-0.0567
menemen,6.6845,0.259
menudo,5.58,-0.2127
mercimek_kftesi,6.1895,0.0476
merguez,6.1105,0.0139
meringue,5.7688,-0.132
mesfouf,5.6761,-0.1716
meso_z_tiblice,5.4803,-0.2553
mi_krop,6.8711,0.3387
michetta,5.58,-0.2127
mie_ayam,6.6192,0.2311
mie_kering,6.6192,0.2311
migas,5.4803,-0.2553
miguelitos,6.8104,0.3127
milhojas,6.9305,0.364
milk_pie,6.1105,0.0139
milk_roll,5.4803,-0.2553
milkcream_strudel,6.9305,0.364
millefeuille,6.9305,0.364
millionaire_pie,6.1895,0.0476
milmyeon,6.3406,0.1122
mimosa_salad,5.58,-0.2127
mince_pie,5.7688,-0.132
minestrone,3.1297,-1.259
minnesota_sushi,5.4803,-0.2553
mirchi_bada,6.3406,0.1122
mirza_ghassemi,6.6845,0.259
mishmash,6.2661,0.0803
miso_soup,3.7843,-0.9795
mississippi_mud_pie,6.9305,0.364
mixiote,6.7482,0.2862
mizutaki,6.5523,0.2025
moambe_chicken,6.4131,0.1431
moche,6.2661,0.0803
mochi,5.6761,-0.1716
mochi_ice_cream,5.9452,-0.0567
mocot,5.58,-0.2127
moffle,5.6761,-0.1716
mofongo,6.7316,0.2791
mohnflesserl,5.58,-0.2127
moin_moin,6.6845,0.259
molagoottal,5.7688,-0.132
mole,5.6469,-0.1841
mole_de_olla,6.4836,0.1732
mollete,5.9452,-0.0567
molote,6.1105,0.0139
momiji_manj,5.9452,-0.0567
momo,6.4131,0.1431
monaka,6.2661,0.0803
mont_di,6.8104,0.3127
mont_lin_maya,6.6845,0.259
montrealstyle_bagel,6.3406,0.1122
mooncake,6.2661,0.0803
moorkop,6.4131,0.1431
moqueca,6.9305,0.364
moravian_chicken_pie,6.6192,0.2311
moravian_spice_cookies,5.8584,-0.0938
morisqueta,6.1105,0.0139
morisqueta_tostada,6.6845,0.259
morkovcha,6.3406,0.1122
moro_de_guandules,6.7482,0.2862
moron,6.3406,0.1122
moronga,5.4803,-0.2553
moros_y_cristianos,6.4131,0.1431
motsunabe,5.4803,-0.2553
moussaka,7.7028,0.6938
mrouzia,6.8104,0.3127
msabbaha,5.8584,-0.0938
msemmen,6.1105,0.0139
mugoyo,5.58,-0.2127
muhallebi,5.9452,-0.0567
muhammara,6.2757,0.0844
mujaddara,5.2734,-0.3436
mujigaetteok,5.6761,-0.1716
mulligan_stew,5.58,-0.2127
mulukhiyah,5.8584,-0.0938
mun_tahu,6.4131,0.1431
muroran_curry_ramen,6.3406,0.1122
murtabak,6.7482,0.2862
murukku,5.8584,-0.0938
mushy_peas,5.58,-0.2127
muskazine,5.4803,-0.2553
naan,3.5337,-1.0865
nacatamal,6.6845,0.259
nachos,7.3841,0.5578
naem,5.6761,-0.1716
naengmyeon,6.4836,0.1732
nagasari,6.2661,0.0803
naiyou_subing,6.6845,0.259
namagashi,6.0291,-0.0209
nan_gyi_thohk,6.9885,0.3888
nan_gyi_thoke,6.7482,0.2862
nanakusanosekku,5.4803,-0.2553
nanbanzuke,6.4836,0.1732
nankhatai,5.6761,-0.1716
nargesi,6.3406,0.1122
nargesi_kebab,6.4131,0.1431
nasi_ambeng,6.8711,0.3387
nasi_bakar,6.8711,0.3387
nasi_bogana,6.4131,0.1431
nasi_campur,6.6845,0.259
nasi_dagang,6.8104,0.3127
nasi_goreng,6.4136,0.1433
nasi_gurih,6.5523,0.2025
nasi_jinggo,5.58,-0.2127
nasi_kandar,6.8104,0.3127
nasi_kapau,6.0291,-0.0209
nasi_kebuli,6.6845,0.259
nasi_kerabu,6.6845,0.259
nasi_kucing,5.9452,-0.0567
nasi_kuning,6.4836,0.1732
nasi_lemak,5.7334,-0.1472
nasi_liwet,6.8711,0.3387
nasi_padang,6.9064,0.3538
nasi_tim,6.4131,0.1431
nasi_timbel,6.1895,0.0476
nasi_tumpang,6.8711,0.3387
nasi_tutug_oncom,5.9452,-0.0567
nasi_uduk,6.1895,0.0476
nasi_ulam,6.4131,0.1431
natchitoches_meat_pie,6.2661,0.0803
navarin,6.1895,0.0476
nazook,6.4836,0.1732
ndol,6.4836,0.1732
neenish_tart,5.6761,-0.1716
neer_dosa,6.6192,0.2311
negimaki,6.5523,0.2025
nem_chua,5.9452,-0.0567
nem_nng,6.8104,0.3127
new_orleans_hot_sausage,6.1895,0.0476
new_york_roll,6.7482,0.2862
new_yorkstyle_cheesecake,6.6192,0.2311
ngo_hiang,6.6845,0.259
ngome,5.4803,-0.2553
nice_biscuit,5.4803,-0.2553
nicoise_salad,5.6469,-0.1841
nicuatole,5.4803,-0.2553
nigirizushi,6.7482,0.2862
nikujaga,6.6192,0.2311
nilaga,6.6845,0.259
nocciolini_di_canzo,5.8584,-0.0938
noodles_with_tomato_egg_sauce,6.2661,0.0803
nopalito,5.7688,-0.132
noppe,5.6761,-0.1716
nori,5.4803,-0.2553
nuns_puffs,5.9452,-0.0567
nunt,5.6761,-0.1716
nurungji,5.4803,-0.2553
nut_roll,6.4131,0.1431
oatmeal_raisin_cookie,5.8584,-0.0938
obwarzanek_krakowski,5.8584,-0.0938
occhi_di_lupo,6.1895,0.0476
oden,6.1105,0.0139
oeuf_mayonnaise,5.6761,-0.1716
ofada_rice,5.4803,-0.2553
ogbono_soup,5.58,-0.2127
ogi,5.4803,-0.2553
ohaw,5.58,-0.2127
ohn_no_khao_sw,6.9885,0.3888
oil_down,6.8104,0.3127
okazu,5.6761,-0.1716
okinawa_soba,6.9305,0.364
okonomiyaki,4.359,-0.7341
okowa,5.9452,-0.0567
okoy,6.5523,0.2025
okpa,5.58,-0.2127
okra_soup,6.6708,0.2531
okroshka,5.8584,-0.0938
oladyi,5.7688,-0.132
oldra,5.8584,-0.0938
olho_de_sogra,5.58,-0.2127
olivier_salad,5.8584,-0.0938
olla_podrida,6.6192,0.2311
ollada,5.58,-0.2127
omelette,5.6761,-0.1716
omurice,6.3406,0.1122
onigiri,5.8597,-0.0932
onsen_tamago,5.7688,-0.132
orange_chicken,2.8262,-1.3886
orez_shuit,5.58,-0.2127
oshizushi,6.2661,0.0803
osmanthus_cake,6.2661,0.0803
osso_buco,7.7101,0.6969
ostrich_stew,5.58,-0.2127
ostropel,6.4836,0.1732
otap,5.8584,-0.0938
otaru_ankake_yakisoba,6.2661,0.0803
ovos_moles,6.1105,0.0139
oxford_sausage,5.6761,-0.1716
oxtail_stew,6.1308,0.0226
oxtongue_pastry,6.4131,0.1431
oyaki,6.1105,0.0139
oyakodon,6.9305,0.364
oyster_omelette,6.4836,0.1732
oyster_stew,5.9452,-0.0567
p_de_moleque,5.6761,-0.1716
pa_de_pessic,5.8584,-0.0938
paanga_brei,6.4836,0.1732
pabelln_criollo,6.5523,0.2025
paborita,5.4803,-0.2553
paccheri,6.0291,-0.0209
paciencia,5.4803,-0.2553
pad_see_ew,6.5157,0.1869
pad_thai,5.9006,-0.0758
paella,7.4451,0.5838
paila_marina,6.8711,0.3387
pain_au_chocolat,6.6192,0.2311
pain_aux_raisins,6.4836,0.1732
pain_de_campagne,5.6761,-0.1716
pain_de_mie,5.58,-0.2127
paio,6.0291,-0.0209
pajeon,5.9783,-0.0426
pakhala,5.8584,-0.0938
paksiw_na_baboy,6.4131,0.1431
palak_paneer,6.9012,0.3515
palatschinke,5.7688,-0.132
palaver_sauce,6.5523,0.2025
paleta,6.1105,0.0139
palianytsia,5.4803,-0.2553
palitaw,6.1105,0.0139
palmier,6.4131,0.1431
pambazo,6.0291,-0.0209
pampushka,5.7688,-0.132
pan_brioche,6.2661,0.0803
pan_de_jamn,6.3406,0.1122
pan_de_muerto,6.1105,0.0139
pan_dulce,5.7688,-0.132
panagyurishtestyle_eggs,6.4836,0.1732
pancake,5.1147,-0.4113
pancetta,5.7688,-0.132
pancit,6.6845,0.259
pancit_bihon,6.6192,0.2311
pancit_malabon,6.8711,0.3387
pandesal,5.58,-0.2127
pane_di_altamura,5.6761,-0.1716
pane_ticinese,5.58,-0.2127
paneer_butter,6.9624,0.3777
paneer_tikka,7.7951,0.7332
panellets,5.8584,-0.0938
panettone,6.1105,0.0139
panna_cotta,7.1645,0.464
pannenkoek,6.2661,0.0803
panta_bhat,5.4803,-0.2553
panucho,6.8711,0.3387
panyalam,6.1895,0.0476
panzerotti,6.5523,0.2025
pao_alentejano,5.4803,-0.2553
pao_de_queijo,6.9729,0.3821
paoca,5.9452,-0.0567
paomo,6.6192,0.2311
papa_rellena,6.9305,0.364
papadam,5.58,-0.2127
papadzules,6.2661,0.0803
papanai,6.6192,0.2311
papaya_salad,5.4751,-0.2575
paper_wrapped_cake,5.7688,-0.132
papodeanjo,6.0291,-0.0209
paprenjak,5.8584,-0.0938
paratha,6.0291,-0.0209
parisbrest,6.9305,0.364
pariser_schnitzel,6.4131,0.1431
parmigiana,6.6845,0.259
parotta,6.4836,0.1732
pasc,6.5523,0.2025
paskha,6.0291,-0.0209
passion_fruit_mousse,6.4131,0.1431
pasta_bolognese,6.6944,0.2632
pasta_carbonara,4.0801,-0.8532
pasta_e_fagioli,6.3406,0.1122
pastafrola,6.5523,0.2025
paste_pasty,5.9452,-0.0567
pasteis_de_nata,5.6469,-0.1841
pastel_de_tentgal,6.8104,0.3127
pasteles,6.1895,0.0476
pastelitos,6.2757,0.0844
pastil,6.1895,0.0476
pastila,5.6761,-0.1716
pastilla,6.4131,0.1431
pastitsio,5.2734,-0.3436
pastizz,5.8584,-0.0938
pastry_heart,6.1895,0.0476
pasty,5.8584,-0.0938
pasulj,6.4131,0.1431
pata_tim,6.9305,0.364
patatas_bravas,5.6933,-0.1643
paticada,6.6192,0.2311
patlcanl_kebap,6.6845,0.259
patrode,6.1105,0.0139
paupiette,6.1895,0.0476
pav,6.0291,-0.0209
pav_bhaji,5.2734,-0.3436
pavese_agnolotti,6.3406,0.1122
pavlova,6.7482,0.2862
paximathia,5.4803,-0.2553
paya,5.6761,-0.1716
pe_htaw_bhut_htamin,6.4131,0.1431
pea_soup,5.4803,-0.2553
peabutter,5.4803,-0.2553
peanut_butter_bun,6.4131,0.1431
peanut_butter_cookie,5.9452,-0.0567
peanut_pie,6.1105,0.0139
peanut_stew,6.1105,0.0139
pearl_meatballs,6.6192,0.2311
pease_pudding,5.58,-0.2127
pebete,6.2661,0.0803
pecan_pie,6.6192,0.2311
peg_bread,5.4803,-0.2553
pek_nga,5.58,-0.2127
peking_duck,8.823,1.1722
penang_hokkien_mee,6.9305,0.364
penia,5.9452,-0.0567
penne_arrabbiata,7.2453,0.4985
penny_bun,5.4803,-0.2553
pepernoot,5.4803,-0.2553
pepper_pot_soup,5.6761,-0.1716
pepperoni_roll,5.7688,-0.132
peppersoup,6.2661,0.0803
perico,6.4131,0.1431
perkedel,6.1895,0.0476
pernil,5.8173,-0.1113
persimmon_pudding,5.8584,-0.0938
petitbeurre,5.58,-0.2127
pets_de_surs,6.0291,-0.0209
phirni,6.8104,0.3127
pho,7.5647,0.6349
piadina_romagnola,5.6761,-0.1716
piata_cookie,5.9452,-0.0567
picadillo,6.4836,0.1732
picanha,6.3455,0.1142
piccata,6.1895,0.0476
pichelsteiner,6.0291,-0.0209
pickled_egg,5.4803,-0.2553
pickled_pigs_feet,5.4803,-0.2553
picnic_biscuit,5.4803,-0.2553
pidan_doufu,6.1895,0.0476
pide,5.5579,-0.2221
pie_floater,5.58,-0.2127
pie_la_mode,6.1105,0.0139
pie_tee,6.5523,0.2025
pierogi,6.5451,0.1995
pigs_in_a_blanket,5.4803,-0.2553
pigs_in_blankets,5.58,-0.2127
pilaf,5.9452,-0.0567
pindang_patin,6.4836,0.1732
pineapple_bun,6.2661,0.0803
pineapple_cake,6.1895,0.0476
pineapple_tart,6.3406,0.1122
pinipig,5.4803,-0.2553
pinolate,6.5523,0.2025
pionono,6.7482,0.2862
piperade,6.3406,0.1122
piri_piri,5.7334,-0.1472
pirog,5.7688,-0.132
pirozhki,6.4836,0.1732
pisang_goreng,6.0291,-0.0209
pisang_molen,5.8584,-0.0938
pisto,6.2661,0.0803
pistolet,5.7688,-0.132
pita,4.6232,-0.6212
pithivier,6.8104,0.3127
piti,6.4131,0.1431
piyaz,5.7688,-0.132
pizza,5.478,-0.2562
pizza_margherita,9.5835,1.497
pizza_snack_rolls,5.4803,-0.2553
pizzelle,5.8584,-0.0938
plantain,5.0674,-0.4315
plcint,6.1105,0.0139
plecing_kangkung,6.6192,0.2311
plov,5.1722,-0.3868
pltanos_rellenos,6.5523,0.2025
po_de_mafra,5.58,-0.2127
poached_egg,5.4803,-0.2553
poc_chuc,6.4836,0.1732
pocket_sandwich,5.6761,-0.1716
poffertjes,6.4131,0.1431
pogaa,5.58,-0.2127
polenta,4.9589,-0.4779
pollo_a_la_brasa,6.8104,0.3127
pollo_motuleo,6.5523,0.2025
polvo_lagareiro,6.8104,0.3127
polvorn,5.6761,-0.1716
pongal,6.2661,0.0803
poornalu,6.3406,0.1122
pootharekulu,6.4836,0.1732
popiah,6.8104,0.3127
poppy_seed_roll,6.1895,0.0476
porchetta,6.8711,0.3387
pork_chop_bun,6.7482,0.2862
pork_roll,5.4803,-0.2553
porkkanalaatikko,5.4803,-0.2553
porotos_con_riendas,6.4131,0.1431
porra_antequerana,5.6761,-0.1716
portuguese_sweet_bread,5.9452,-0.0567
pot_pie,6.1105,0.0139
pot_roast,5.0674,-0.4315
potato_bread,5.4803,-0.2553
potato_pancake,5.9452,-0.0567
potaufeu,6.1105,0.0139
potbrood,5.7688,-0.132
potjiekos,6.1895,0.0476
pottage,5.6761,-0.1716
poutine,4.8463,-0.526
pozharsky_cutlet,5.58,-0.2127
pozole,4.4129,-0.711
prawn_cocktail,5.4803,-0.2553
prawn_roll,6.6192,0.2311
prekmurska_gibanica,6.4131,0.1431
pretzel,5.8173,-0.1113
prklt,6.2661,0.0803
profiterole,5.3713,-0.3018
proja,5.4803,-0.2553
prosciutto,6.9624,0.3777
pryanik,5.7688,-0.132
pt_chaud,6.6192,0.2311
pt_chinois,5.8584,-0.0938
puchero,5.9452,-0.0567
puffed_rice,5.4803,-0.2553
puffed_rice_cakes,5.4803,-0.2553
puits_damour,6.7482,0.2862
pulihora,6.8104,0.3127
pulled_pork,8.0836,0.8564
pumpernickel,5.58,-0.2127
pumpkin_bread,5.8584,-0.0938
pumpkin_pie,6.6845,0.259
punschkrapfen,6.4836,0.1732
punschroll,6.4131,0.1431
puntas,6.1105,0.0139
pupusa,6.5451,0.1995
puran_poli,6.2661,0.0803
purin,5.7688,-0.132
purtumute,5.9452,-0.0567
pus,5.58,-0.2127
put_chai_ko,5.9452,-0.0567
puto,5.6761,-0.1716
puto_bumbong,5.7688,-0.132
puto_seco,5.58,-0.2127
puttu,6.4836,0.1732
pyshka,5.58,-0.2127
qarta,5.4803,-0.2553
qatayef,6.4131,0.1431
qaz,5.58,-0.2127
qingtuan,6.4131,0.1431
qistibi,5.6761,-0.1716
qoiri,5.6761,-0.1716
qottab,6.3406,0.1122
qrashel,6.6192,0.2311
queijada,5.9452,-0.0567
queijadinha,6.8711,0.3387
queijo_de_azeito,5.58,-0.2127
quesadilla,7.1645,0.464
quesito,6.4836,0.1732
queso_flameado,6.6845,0.259
quiche,6.0609,-0.0073
quindim,6.6192,0.2311
qurabiya,5.7688,-0.132
raclette,5.6469,-0.1841
racuchy,5.6761,-0.1716
rafanata,5.8584,-0.0938
ragda_pattice,6.2661,0.0803
ragout,6.6192,0.2311
ragout_fin,5.6761,-0.1716
rainbow_cookie,5.9452,-0.0567
raindrop_cake,5.4803,-0.2553
raita,5.8186,-0.1108
rajas_con_crema,6.8104,0.3127
rajma,6.6845,0.259
ramen,2.605,-1.4831
rappie_pie,5.4803,-0.2553
raspberry_pie,6.6192,0.2311
rassolnik,5.58,-0.2127
rasstegai,5.8584,-0.0938
rat_na,6.8104,0.3127
ratatouille,2.8379,-1.3836
rauchkse,5.6761,-0.1716
rava_idli,6.2661,0.0803
ravioli,6.3683,0.124
rawon,6.6845,0.259
rd_plse,5.4803,-0.2553
red_bean_cake,5.7688,-0.132
red_bean_ice,6.0291,-0.0209
red_bean_rice,5.6761,-0.1716
red_beans_and_rice,6.3406,0.1122
red_caviar,5.8584,-0.0938
red_curry,6.6591,0.2482
red_peas_soup,6.4836,0.1732
refried_beans,5.4803,-0.2553
rellenitos_de_pltano,6.7482,0.2862
rendang,7.071,0.424
repostera,6.5523,0.2025
reshteh_khoshkar,6.1895,0.0476
rggelchen,5.4803,-0.2553
rhubarb_pie,5.7688,-0.132
ribs,7.6813,0.6847
ricciarelli,6.1105,0.0139
rice_and_curry,6.6845,0.259
rice_and_gravy,5.6761,-0.1716
rice_and_peas,6.4801,0.1717
rice_bread,5.4803,-0.2553
rice_krispies,5.4803,-0.2553
rice_noodle_roll,6.8711,0.3387
rice_pudding,5.58,-0.2127
rich_tea,5.4803,-0.2553
ricotta,5.58,-0.2127
rieska,5.4803,-0.2553
rijstevlaai,5.58,-0.2127
rijsttafel,6.9885,0.3888
risotto,7.6234,0.6599
rissole,5.9452,-0.0567
riz_casimir,6.3406,0.1122
riz_gras,6.0291,-0.0209
roast_chicken,6.3406,0.1122
rock_cake,5.4803,-0.2553
rogan_josh,6.9885,0.3888
rojak,4.8463,-0.526
rojes,6.3406,0.1122
rolex,6.4836,0.1732
romeritos,6.1105,0.0139
rosca_de_reyes,6.6192,0.2311
roscas,5.7688,-0.132
roscn,5.9452,-0.0567
rosette,5.8584,-0.0938
rosquillo,5.4803,-0.2553
roti,5.58,-0.2127
roti_bolen,6.5523,0.2025
roti_buaya,5.4803,-0.2553
roti_canai,6.3406,0.1122
roti_caribbean,4.8463,-0.526
roti_john,6.4836,0.1732
roti_tissue,6.1105,0.0139
roulade,6.4131,0.1431
royal_dansk,5.6761,-0.1716
roze_koek,5.4803,-0.2553
rssypottu,5.4803,-0.2553
rubaboo,5.58,-0.2127
rugbrd,5.4803,-0.2553
rugelach,6.3406,0.1122
rujak_shanghai,6.6192,0.2311
rulleplse,5.4803,-0.2553
rum_ball,6.1105,0.0139
rum_cake,6.1105,0.0139
rum_roll,6.0291,-0.0209
run_down,6.8711,0.3387
runeberg_torte,6.1895,0.0476
runza,5.7688,-0.132
rusk,5.4803,-0.2553
russian_tea_cake,5.9452,-0.0567
rustico,6.5523,0.2025
rwena_bread,5.8584,-0.0938
rye_bread,5.4803,-0.2553
sa,5.8584,-0.0938
saag,6.1895,0.0476
sabaayad,5.58,-0.2127
sabich,6.9305,0.364
sabl,5.58,-0.2127
sachertorte,6.8104,0.3127
saffron_bun,6.3406,0.1122
saffron_rice,5.7688,-0.132
sagamite,5.4803,-0.2553
saganaki,6.7911,0.3045
sagu,5.9452,-0.0567
sai_krok_isan,6.5523,0.2025
sai_ua,6.4836,0.1732
saimin,6.5523,0.2025
saj_bread,5.4803,-0.2553
sajji,6.6192,0.2311
sakhu_sai_mu,5.8584,-0.0938
saksang,5.8584,-0.0938
sakuramochi,6.3406,0.1122
salbute,6.8104,0.3127
salchichn,5.58,-0.2127
sally_lunn_bun,5.7688,-0.132
salmorejo,6.4836,0.1732
salo,5.4803,-0.2553
salt_pepper_squid,5.8989,-0.0765
saltah,6.7482,0.2862
salted_duck_egg,5.6761,-0.1716
salted_nut_roll,5.58,-0.2127
saltimbocca,6.6192,0.2311
saltrising_bread,5.4803,-0.2553
salukara,5.8584,-0.0938
sambar,6.5523,0.2025
samgyeopsal,4.5715,-0.6433
samgyetang,6.6845,0.259
samoon,5.58,-0.2127
samosa,6.255,0.0756
sancocho,6.5451,0.1995
sandie,5.6761,-0.1716
sandige,5.4803,-0.2553
sandwich_cookie,5.6761,-0.1716
sandwich_roll,5.4803,-0.2553
sangah,6.0291,-0.0209
sangak,5.58,-0.2127
sanna,5.7688,-0.132
sapinsapin,6.3406,0.1122
sapo_tahu,6.2661,0.0803
sapu_mhicha,5.4803,-0.2553
sara_udon,6.6845,0.259
sardines_grilled,4.8463,-0.526
sarma,5.9452,-0.0567
sashimi,5.9411,-0.0585
saskatoon_berry_pie,6.7482,0.2862
sata_andagi,6.2661,0.0803
satay,6.7988,0.3078
satay_indonesian,5.9783,-0.0426
sate,6.7482,0.2862
satsumaage,5.6761,-0.1716
sausage_bread,6.1105,0.0139
sausage_roll,5.7688,-0.132
saveloy,5.4803,-0.2553
savory_spinach_pie,6.4131,0.1431
sayur_asem,6.5523,0.2025
sayur_lodeh,6.7482,0.2862
scaccia,6.5523,0.2025
scallion_bread,6.5523,0.2025
scallion_pancake,7.5941,0.6474
scaloppine,6.4836,0.1732
scamorza,5.6761,-0.1716
schaumrolle,6.5523,0.2025
schlutzkrapfen,6.3406,0.1122
schnecken,5.6761,-0.1716
schneeball,5.58,-0.2127
schnitz_un_knepp,5.7688,-0.132
schnitzel,6.4801,0.1717
schuxen,5.4803,-0.2553
schweinshaxe,6.4131,0.1431
scone,5.58,-0.2127
scotch_egg,5.8584,-0.0938
scotch_pie,5.4803,-0.2553
scotch_woodcock,6.2661,0.0803
scouse,5.4803,-0.2553
scovard,5.8584,-0.0938
scrambled_eggs,5.58,-0.2127
seapie,5.7688,-0.132
seattle_roll,6.6845,0.259
seco,6.6192,0.2311
seekh_kebab,6.8711,0.3387
seenakku,5.9452,-0.0567
sekba,6.1895,0.0476
sekoteng,5.7688,-0.132
sel_roti,5.6761,-0.1716
semla,6.7482,0.2862
semur,6.7482,0.2862
senate_bean_soup,5.7688,-0.132
senbei,5.7688,-0.132
seon,6.0291,-0.0209
serabi,6.1105,0.0139
seri_muka,6.5523,0.2025
seswaa,5.58,-0.2127
sevai,5.58,-0.2127
sfeeha,5.9628,-0.0492
sfenj,5.7688,-0.132
sfiha,6.5523,0.2025
sfiniori,6.4836,0.1732
sfogliatella,6.6192,0.2311
sgabeo,5.7688,-0.132
sha_phaley,6.6192,0.2311
shabushabu,6.6192,0.2311
shahan_ful,5.6761,-0.1716
shaker_lemon_pie,6.8104,0.3127
shakshuka,7.071,0.424
shanghai_fried_noodles,6.7482,0.2862
shaobing,5.6761,-0.1716
shark_chutney,5.4803,-0.2553
shashlik,6.4801,0.1717
shawarma,7.1965,0.4776
shchi,5.4803,-0.2553
sheermal,5.7688,-0.132
sheikh_almahshi,6.9305,0.364
shengjian_mantou,6.4836,0.1732
shepherds_pie,6.4131,0.1431
shir_berenj,6.6192,0.2311
shirataki_noodles,5.4803,-0.2553
shirin_polo,6.8104,0.3127
shiro,6.1105,0.0139
shirred_eggs,5.6761,-0.1716
shiruko,6.1895,0.0476
shish_taouk,6.1895,0.0476
sholezard,6.6845,0.259
shoofly_pie,5.6761,-0.1716
shorgoghal,6.1895,0.0476
shortbread,5.9452,-0.0567
shortcrust_pastry,5.58,-0.2127
shotis_puri,5.58,-0.2127
shrewsbury_cake,5.7688,-0.132
shrimp_creole,6.6192,0.2311
shrimp_toast,6.3406,0.1122
shuangbaotai,6.0291,-0.0209
shumai,6.1895,0.0476
sibiu_salami,5.7688,-0.132
silog,6.4836,0.1732
silvana,6.2661,0.0803
simit,6.7316,0.2791
sinangag,6.4131,0.1431
sincronizada,6.0291,-0.0209
singapore_hae_mee,6.9885,0.3888
singapore_hokkien_mee,6.9885,0.3888
singaporestyle_noodles,6.6192,0.2311
sinigang,6.6086,0.2266
sinki,5.4803,-0.2553
siomay,6.4836,0.1732
siopao,6.3406,0.1122
sirutteok,5.6761,-0.1716
sisig,6.9423,0.3691
skilpadjies,5.6761,-0.1716
skirts_and_kidneys,5.4803,-0.2553
smen,5.58,-0.2127
smetana,5.4803,-0.2553
smoked_egg,5.58,-0.2127
snickerdoodle,6.2661,0.0803
sobrassada,5.7688,-0.132
soda_bread,5.4803,-0.2553
solomon_gundy,5.9452,-0.0567
solyanka,5.8584,-0.0938
som_tam,6.9624,0.3777
song_gao,6.0291,-0.0209
songpyeon,6.4836,0.1732
sonofabitch_stew,5.58,-0.2127
sopa_de_cacahuete,5.58,-0.2127
sopa_de_fideo,6.1895,0.0476
sopa_de_gato,5.4803,-0.2553
sopa_paraguaya,5.7688,-0.132
sopaipilla,5.7688,-0.132
soparnik,5.7688,-0.132
sopes,6.8494,0.3294
sorbet,6.1105,0.0139
sorrel_soup,5.8584,-0.0938
sorullos,5.9452,-0.0567
sosatie,6.3406,0.1122
soto_bandung,5.9452,-0.0567
soto_banjar,6.6192,0.2311
soto_betawi,6.6192,0.2311
soto_klethuk,6.2661,0.0803
souffle,5.6045,-0.2022
soup,3.9048,-0.928
sourdough,5.8584,-0.0938
south_asian_pickle,5.6761,-0.1716
southern_tomato_pie,6.1895,0.0476
souvlaki,7.0172,0.4011
spaetzle,4.8463,-0.526
spanakopita,4.7253,-0.5777
spanish_fricco,6.1105,0.0139
spanish_omelette,6.1895,0.0476
spanish_rice,5.8584,-0.0938
spare_ribs,6.8104,0.3127
speculaas,5.8584,-0.0938
spelt_bread,5.4803,-0.2553
speraui,6.3406,0.1122
spiced_bun,5.7688,-0.132
spicy_cow_feet,5.6761,-0.1716
spotted_dick,5.4803,-0.2553
spring_rolls,6.5879,0.2177
springerle,5.58,-0.2127
spritzgebck,5.8584,-0.0938
sprouted_bread,5.4803,-0.2553
square_cookie,5.58,-0.2127
stamp_and_go,5.6761,-0.1716
stargazy_pie,5.4803,-0.2553
steak,5.2994,-0.3325
steak_and_eggs,6.1105,0.0139
steak_and_kidney_pie,5.9452,-0.0567
steak_and_kidney_pudding,5.7688,-0.132
steak_pie,6.2661,0.0803
steamed_cheeseburger,5.4803,-0.2553
steamed_clams,6.0291,-0.0209
steamed_meatball,6.4131,0.1431
stew_peas,6.8104,0.3127
sticky_bun,6.1105,0.0139
sticky_toffee_pudding,6.7482,0.2862
stinky_tofu,5.4803,-0.2553
stornoway_black_pudding,5.58,-0.2127
stracciatella,6.1105,0.0139
strata,5.6761,-0.1716
strawberry_pie,6.2661,0.0803
stroganina,5.4803,-0.2553
stroganoff,5.7334,-0.1472
stromboli,6.1105,0.0139
stroopwafel,6.3406,0.1122
strudel,6.2661,0.0803
stuffed_apples,5.9452,-0.0567
stuffed_chine,5.4803,-0.2553
stuffed_clam,5.6761,-0.1716
stuffed_crust_pizza,6.0291,-0.0209
stuffed_cucumber,5.4803,-0.2553
stuffed_dates,6.4836,0.1732
stuffed_eggplant,6.2661,0.0803
stuffed_ham,5.7688,-0.132
stuffed_intestines,5.4803,-0.2553
stuffed_mallow,5.7688,-0.132
stuffed_melon,5.9452,-0.0567
stuffed_mushrooms,5.7688,-0.132
stuffed_mussels,6.7482,0.2862
stuffed_peppers,5.8584,-0.0938
stuffed_pizza,6.0291,-0.0209
stuffed_quinces,6.4131,0.1431
stuffed_racuchy,6.1105,0.0139
stuffed_ribs,6.4836,0.1732
stuffed_sorrel,5.9452,-0.0567
stuffed_squash,6.2661,0.0803
stuffed_squid,6.6192,0.2311
stuffed_tomatoes,5.6761,-0.1716
stutenkerl,5.4803,-0.2553
suama,5.4803,-0.2553
succotash,5.58,-0.2127
suet_pudding,5.4803,-0.2553
sufganiyah,6.4836,0.1732
sugar_cookie,5.6761,-0.1716
sugar_cream_pie,5.7688,-0.132
sujuk,5.58,-0.2127
sukiyaki,6.8711,0.3387
sulguni,5.6761,-0.1716
sulu_kfte,6.8104,0.3127
suman,6.1895,0.0476
suncake,6.1895,0.0476
sundae_sausage,5.58,-0.2127
sundubu_jjigae,9.2446,1.3522
sushi,4.9328,-0.489
sussex_pond_pudding,5.7688,-0.132
sustyle_noodles,6.6845,0.259
suya,7.0172,0.4011
sweet_and_sour,4.359,-0.7341
sweet_potato_pie,6.7482,0.2862
swiss_roll,6.0291,-0.0209
syrniki,6.1895,0.0476
szczecin_paprikash,5.4803,-0.2553
szczecin_pasztecik,5.7688,-0.132
tabbouleh,6.3308,0.108
taboon_bread,5.58,-0.2127
taco,6.255,0.0756
taco_rice,6.1895,0.0476
taftan,6.4836,0.1732
tagine,5.2264,-0.3637
tahdig,6.3282,0.1068
tahini_cookie,5.58,-0.2127
taho,6.2661,0.0803
tahu_campur,6.4131,0.1431
tahu_gejrot,6.1895,0.0476
tahu_sumedang,5.7688,-0.132
taiyaki,6.2661,0.0803
tajine,6.7482,0.2862
takikomi_gohan,6.6192,0.2311
takoyaki,6.2436,0.0707
tallarn_saltado,6.6192,0.2311
tamago_kake_gohan,6.1105,0.0139
tamagoyaki,5.5579,-0.2221
tamale,7.3224,0.5314
tamale_pie,5.7688,-0.132
tandoor_bread,5.7688,-0.132
tandoori_chicken,4.5192,-0.6657
tangbao,6.8104,0.3127
tangyuan,6.2661,0.0803
tapai,5.4803,-0.2553
tapalapa,5.58,-0.2127
tapas,6.6236,0.233
tapioca_pudding,5.8584,-0.0938
taquito,6.5523,0.2025
tareco,5.4803,-0.2553
taro_cake,5.7688,-0.132
taro_dumpling,6.8104,0.3127
taro_pastry,6.1895,0.0476
tarta_capuchina,5.58,-0.2127
tarta_de_santiago,6.3406,0.1122
tatws_pum_munud,5.6761,-0.1716
tave_grave,5.6761,-0.1716
tea_egg,5.6761,-0.1716
teacake,5.6761,-0.1716
tee_long_pan,6.5523,0.2025
teiglach,5.58,-0.2127
tekeli_pitha,6.4131,0.1431
tekkadon,6.9305,0.364
telur_gulung,5.4803,-0.2553
telur_pindang,5.7688,-0.132
tempura,6.9012,0.3515
tendon,6.4836,0.1732
tenmusu,6.8104,0.3127
tensoba,6.4131,0.1431
terang_bulan,5.6761,-0.1716
teriyaki,3.5976,-1.0592
teurgoule,6.6192,0.2311
texas_caviar,5.7688,-0.132
texas_toast,5.58,-0.2127
thai_iced_tea,5.478,-0.2562
thalassery_biryani,6.8711,0.3387
tharid,5.4803,-0.2553
thenthuk,6.0291,-0.0209
thieboudienne,6.9885,0.3888
thingyan_rice,6.5523,0.2025
thukpa_bhatuk,6.1895,0.0476
tiboktibok,6.4131,0.1431
tibs,5.9452,-0.0567
tiger_bread,5.8584,-0.0938
tihlo,5.6761,-0.1716
tikka_masala,6.1782,0.0428
tinapayan,5.58,-0.2127
tingmo,6.0291,-0.0209
tinutuan,5.8584,-0.0938
tiramisu,7.2912,0.5181
tirggel,5.4803,-0.2553
tiropita,6.4801,0.1717
tlacoyo,6.5523,0.2025
tlayuda,6.8711,0.3387
toast_hawaii,5.7688,-0.132
toaster_pastry,5.4803,-0.2553
tocan,6.0291,-0.0209
tocino_de_cielo,6.3406,0.1122
tofu_skin,5.4803,-0.2553
tofu_skin_roll,6.1895,0.0476
tokneneng,5.4803,-0.2553
tokoroten,5.4803,-0.2553
tokushima_ramen,6.9885,0.3888
tokwat_baboy,6.6192,0.2311
tokyo_banana,6.0291,-0.0209
tom_kha,5.3278,-0.3204
tom_yum,7.4534,0.5873
tomato_bredie,6.4836,0.1732
tomato_omelette,6.1105,0.0139
tombet,6.3406,0.1122
tong_sui,5.6761,-0.1716
tonis_puri,6.7482,0.2862
tonkatsu,6.5523,0.2025
tonkotsu_ramen,7.0172,0.4011
tootsie_roll,5.4803,-0.2553
torpedo_dessert,6.5523,0.2025
torricado,6.4131,0.1431
tortang_talong,6.1895,0.0476
tortellini,6.8711,0.3387
tortelloni,6.4836,0.1732
tortilla,5.58,-0.2127
tortilla_espanola,5.0674,-0.4315
tortillitas_de_camarones,6.6845,0.259
tortita_negra,5.7688,-0.132
toru_gingerbread,5.9452,-0.0567
toshikoshi_soba,6.1105,0.0139
tostada,5.9452,-0.0567
tostilocos,6.4836,0.1732
tostones,6.6086,0.2266
toto,5.9452,-0.0567
totopo,5.4803,-0.2553
touffe,6.8711,0.3387
tourtire,6.4131,0.1431
trdelnk,6.1105,0.0139
treacle_sponge_pudding,6.4131,0.1431
treacle_tart,6.6192,0.2311
tres_leches_cake,6.8104,0.3127
tripas,5.4803,-0.2553
tripas_moda_do_porto,5.4803,-0.2553
tripoux,5.4803,-0.2553
trl,5.9452,-0.0567
tsoureki,6.3406,0.1122
tsuivan,6.1895,0.0476
tsukemen,6.5523,0.2025
tteok,5.58,-0.2127
tteokbokki,5.1615,-0.3914
tteokguk,6.0291,-0.0209
ttongppang,5.4803,-0.2553
tube_rice_pudding,5.8584,-0.0938
tufahije,6.2661,0.0803
tuna_bun,5.4803,-0.2553
tuna_pot,6.0291,-0.0209
tunnbrd,5.4803,-0.2553
tupig,6.4836,0.1732
turducken,5.6761,-0.1716
turnip_cake,5.6761,-0.1716
turnover,5.6761,-0.1716
turo,5.4803,-0.2553
turon,6.7482,0.2862
tzatziki,5.3713,-0.3018
tzfatit,5.58,-0.2127
tzimmes,5.4803,-0.2553
ube_crinkles,6.4836,0.1732
uchpuchmak,6.2661,0.0803
udon,5.5651,-0.219
ugali,5.4803,-0.2553
ugoyugoy,5.58,-0.2127
uir,6.1105,0.0139
ukha,5.6761,-0.1716
ulava_charu,5.58,-0.2127
ulmyeon,6.5523,0.2025
umngqusho,5.6761,-0.1716
unadon,6.9885,0.3888
unnakai,5.7688,-0.132
urap,6.4836,0.1732
uraro,5.4803,-0.2553
usban,6.4131,0.1431
uttapam,6.1308,0.0226
vanillekipferl,6.2661,0.0803
vanillerostbraten,6.5523,0.2025
varci,5.4803,-0.2553
varenye,5.58,-0.2127
varenyky,5.9452,-0.0567
vatrushka,6.1895,0.0476
veal_orloff,6.8104,0.3127
vegetarian_chili,5.6761,-0.1716
vetkoek,6.3406,0.1122
vienna_bread,5.4803,-0.2553
vienna_sausage,5.58,-0.2127
viennese_whirls,5.6761,-0.1716
viennoiserie,6.6192,0.2311
vindaloo,7.0015,0.3944
vinegret,6.0291,-0.0209
vlaai,6.4836,0.1732
vnoka,6.3406,0.1122
volauvent,6.6192,0.2311
waakye,5.7688,-0.132
wafer,5.4803,-0.2553
waffle,4.5715,-0.6433
wagafi_bread,5.4803,-0.2553
wagashi,5.6761,-0.1716
wallenbergare,6.6192,0.2311
walnut_pie,6.3406,0.1122
walnut_stuffed_figs,6.1895,0.0476
wandouhuang,5.6761,-0.1716
wappameshi,6.7482,0.2862
warabimochi,6.1105,0.0139
warak_enab,6.5711,0.2106
wasanbon,5.4803,-0.2553
wat,6.4131,0.1431
watalappam,6.8711,0.3387
water_biscuit,5.4803,-0.2553
water_chestnut_cake,5.6761,-0.1716
waterblommetjiebredie,5.6761,-0.1716
waterzooi,6.3406,0.1122
weisswurst,6.1105,0.0139
wensleydale_cheese,5.6761,-0.1716
whe,5.6761,-0.1716
white_bread,5.4803,-0.2553
white_sugar_sponge_cake,5.6761,-0.1716
whole_wheat_bread,5.4803,-0.2553
wibele,5.58,-0.2127
wiener_schnitzel,6.8711,0.3387
wonton,6.6845,0.259
wonton_noodle,6.9624,0.3777
wonton_soup,5.1147,-0.4113
woolton_pie,5.4803,-0.2553
wotou,5.4803,-0.2553
xarm,6.5523,0.2025
xi,6.0291,-0.0209
xiao_long_bao,7.6234,0.6599
xuixo,6.4836,0.1732
yaka_mein,6.4836,0.1732
yaki_udon,6.6192,0.2311
yakimochi,6.0291,-0.0209
yakisoba,6.7482,0.2862
yakisobapan,5.7688,-0.132
yakitori,2.7617,-1.4161
yangzhou_fried_rice,6.8711,0.3387
yassa,6.7482,0.2862
yatsuhashi,5.7688,-0.132
yau_gok,5.6761,-0.1716
yin_yang_fried_rice,5.8584,-0.0938
ykan,5.58,-0.2127
yong_tau_foo,6.5523,0.2025
yorkshire_pudding,5.58,-0.2127
youtiao,5.6761,-0.1716
yubeshi,5.58,-0.2127
yudoufu,6.0291,-0.0209
yun_dou_juan,5.4803,-0.2553
yurla,5.4803,-0.2553
yusheng,6.4836,0.1732
zabaione,6.4131,0.1431
zagorski_trukli,6.4836,0.1732
zakuski,6.1895,0.0476
zarda,6.8711,0.3387
zeeuwse_bolus,5.9452,-0.0567
zefir,5.7688,-0.132
zelnik,6.6192,0.2311
zhajiangmian,6.4836,0.1732
zhaliang,5.9452,-0.0567
zni,5.8584,-0.0938
zoervleis,5.58,-0.2127
zongzi,6.6845,0.259
zopf,6.0291,-0.0209
zoque,6.1895,0.0476
zosui,6.0291,-0.0209
zrazy,6.6845,0.259
zrcher_geschnetzeltes,6.7482,0.2862
zucchini_slice,5.7688,-0.132
zwieback,5.4803,-0.2553
